id,name,group,kind,rank_1_10,rank_reason,body_family,body_fit,challengeable,fame,source,notes,wiki_title,pageviews_12m,fame_score,fame_measured,pit_status,park_reason,wiki_note,steady_12m,spike_flag,fame_steady
zeus,Zeus,greek,patron,10,"cosmic/apex (Hesiod, Theogony)",knight,reskin,yes,household,docs/specs/origins/legends-500.csv,merged duplicate: alias Jupiter (Roman/Greek twin; CSV row `jupiter` folded in); patron: hardest tier (owner 2026-10-07),Zeus,1376874,6.14,household,keep,,,1293132,,household
poseidon,Poseidon,greek,patron,10,"cosmic/apex (Homer, Odyssey)",knight,reskin,yes,household,docs/specs/origins/legends-500.csv,merged duplicate: alias Neptune (Roman/Greek twin; CSV row `neptune` folded in); patron: hardest tier (owner 2026-10-07),Poseidon,786513,5.90,known,keep,,,657696,,known
hades,Hades,greek,patron,10,patron/god: hardest tier; was pit rung 9 in src/legends.ts,nightborn,exact,yes,household,docs/specs/origins/legends-500.csv,existing=yes (src/legends.ts nightborn rung 9); owner patron rule (9-10) conflicts: see md; merged duplicate: alias Dis Pater (Roman/Greek twin; CSV row `dis-pater` folded in); patron: hardest tier (owner 2026-10-07); old Pit rung 9 superseded by patron rule (Strategy 2026-10-07),Hades,797448,5.90,known,keep,,,767664,,known
hera,Hera,greek,patron,10,"major god, great monster or epic hero (Homer, Iliad; Homeric Hymn 12)",witch,reskin,yes,household,docs/specs/origins/legends-500.csv,merged duplicate: alias Juno (Roman/Greek twin; CSV row `juno` folded in); patron: hardest tier (owner 2026-10-07),Hera,693109,5.84,known,keep,,,648120,,known
demeter,Demeter,greek,patron,10,"major god, great monster or epic hero (Homeric Hymn to Demeter)",witch,reskin,yes,known,docs/specs/origins/legends-500.csv,patron: hardest tier (owner 2026-10-07),Demeter,558120,5.75,known,keep,,,523332,,known
ares,Ares,greek,patron,10,"major god, great monster or epic hero (Homer, Iliad)",veteran,exact,yes,household,docs/specs/origins/legends-500.csv,merged duplicate: alias Mars (Roman/Greek twin; CSV row `mars` folded in); existing=yes (src/legends.ts veteran rung 10); patron: hardest tier (owner 2026-10-07); old Pit rung 10 superseded by patron rule (Strategy 2026-10-07),Ares,673225,5.83,known,keep,,,614460,,known
artemis,Artemis,greek,patron,10,"major god, great monster or epic hero (Homeric Hymn 27; Callimachus, Hymn 3)",shieldmaiden,exact,yes,household,docs/specs/origins/legends-500.csv,merged duplicate: alias Diana (Roman/Greek twin; CSV row `diana` folded in); patron: hardest tier (owner 2026-10-07),Artemis,1423098,6.15,household,keep,,,1025784,peak 2026-04 is 5.2x the median month,household
dionysus,Dionysus,greek,patron,9,"major god, great monster or epic hero (Euripides, Bacchae)",goblin,reskin,yes,household,docs/specs/origins/legends-500.csv,patron: hardest tier (owner 2026-10-07),Dionysus,1033467,6.01,household,keep,,,1041180,,household
persephone,Persephone,greek,patron,9,"major god, great monster or epic hero (Homeric Hymn to Demeter)",executioner,reskin,yes,household,docs/specs/origins/legends-500.csv,patron: hardest tier (owner 2026-10-07),Persephone,904764,5.96,known,keep,,,839160,,known
aphrodite,Aphrodite,greek,patron,9,"major god, great monster or epic hero (Hesiod, Theogony; Homeric Hymn 5)",witch,reskin,yes,household,docs/specs/origins/legends-500.csv,merged duplicate: alias Venus (Roman/Greek twin; CSV row `venus` folded in); patron: hardest tier (owner 2026-10-07),Aphrodite,1140868,6.06,household,keep,,,1098852,,household
kronos,Kronos,greek,patron,10,"cosmic/apex (Hesiod, Theogony)",knight,reskin,yes,known,docs/specs/origins/legends-500.csv,"merged duplicate: alias Saturn (Roman/Greek twin; CSV row `saturn` folded in); patron: hardest tier (owner 2026-10-07); giant = knight or executioner body scaled ~2x (owner 2026-10-07), no new family",Cronus,955236,5.98,known,keep,,,900912,,known
gaia,Gaia,greek,patron,10,"cosmic/apex (Hesiod, Theogony)",knight,reskin,yes,known,docs/specs/origins/legends-500.csv,"patron: hardest tier (owner 2026-10-07); giant = knight or executioner body scaled ~2x (owner 2026-10-07), no new family",Gaia,553216,5.74,known,keep,,,531216,,known
helios,Helios,greek,patron,10,"major god, great monster or epic hero (Homeric Hymn 31; Homer, Odyssey 12)",knight,reskin,yes,obscure,docs/specs/origins/legends-500.csv,patron: hardest tier (owner 2026-10-07),Helios,594705,5.77,known,keep,,,507528,,known
selene,Selene,greek,patron,9,renowned hero or great beast (Homeric Hymn 32),witch,reskin,yes,obscure,docs/specs/origins/legends-500.csv,patron: hardest tier (owner 2026-10-07),Selene,362751,5.56,known,keep,,,335676,,known
nemesis,Nemesis,greek,patron,9,"major god, great monster or epic hero (Hesiod, Theogony; Pausanias 1.33)",executioner,reskin,yes,known,docs/specs/origins/legends-500.csv,patron: hardest tier (owner 2026-10-07),Nemesis,320446,5.51,known,keep,,,282624,,known
eris,Eris,greek,patron,9,"renowned hero or great beast (Hesiod, Works and Days; Proclus, summary of the Cypria)",goblin,reskin,yes,known,docs/specs/origins/legends-500.csv,patron: hardest tier (owner 2026-10-07),Eris (mythology),315287,5.50,known,keep,,,302256,,known
pan,Pan,greek,patron,9,renowned hero or great beast (Homeric Hymn 19),goblin,reskin,yes,known,docs/specs/origins/legends-500.csv,patron: hardest tier (owner 2026-10-07),Pan (god),407683,5.61,known,keep,,,389556,,known
prometheus,Prometheus,greek,patron,10,"major god, great monster or epic hero (Aeschylus (attrib.), Prometheus Bound)",veteran,reskin,yes,household,docs/specs/origins/legends-500.csv,patron: hardest tier (owner 2026-10-07),Prometheus,1063347,6.03,household,keep,,,1023504,,household
atlas,Atlas,greek,patron,10,"major god, great monster or epic hero (Hesiod, Theogony)",knight,reskin,yes,household,docs/specs/origins/legends-500.csv,"patron: hardest tier (owner 2026-10-07); giant = knight or executioner body scaled ~2x (owner 2026-10-07), no new family",Atlas (mythology),571939,5.76,known,keep,,,519504,,known
hypnos,Hypnos,greek,patron,9,"major god, great monster or epic hero (Homer, Iliad 14; Hesiod, Theogony)",nightborn,reskin,yes,known,docs/specs/origins/legends-500.csv,wing kit; patron: hardest tier (owner 2026-10-07),Hypnos,146797,5.17,known,keep,,,143880,,known
heracles,Heracles,greek,legend,9,"cosmic/apex (Apollodorus, Library 2)",veteran,exact,yes,household,docs/specs/origins/legends-500.csv,display name Hercules; Greek name Heracles (id kept); renamed from Hercules (COO legends audit 2026-10-07),Heracles,900600,5.95,known,keep,,,792744,,known
perseus,Perseus,greek,legend,8,"renowned hero or great beast (Apollodorus, Library 2.4; Ovid, Metamorphoses 4-5)",veteran,exact,yes,household,docs/specs/origins/legends-500.csv,,Perseus,615093,5.79,known,keep,,,549000,,known
theseus,Theseus,greek,legend,8,"renowned hero or great beast (Plutarch, Life of Theseus)",veteran,exact,yes,household,docs/specs/origins/legends-500.csv,,Theseus,546297,5.74,known,keep,,,502404,,known
jason,Jason,greek,legend,7,"renowned hero or great beast (Apollonius of Rhodes, Argonautica)",veteran,exact,yes,household,docs/specs/origins/legends-500.csv,,Jason,381139,5.58,known,keep,,,323772,,known
odysseus,Odysseus,greek,legend,8,"major god, great monster or epic hero (Homer, Odyssey)",veteran,exact,yes,household,docs/specs/origins/legends-500.csv,,Odysseus,3099043,6.49,household,keep,,,1264584,peak 2026-07 is 12.7x the median month,household
atalanta,Atalanta,greek,legend,6,"renowned hero or great beast (Apollodorus, Library 3.9; Ovid, Metamorphoses 10)",ranger,reskin,yes,known,docs/specs/origins/legends-500.csv,body recoverable from git history (src/assets/source/creatures/legionary*.glb or src/assets/source/items/ranger.glb),Atalanta,201313,5.30,known,keep,,,192144,,known
bellerophon,Bellerophon,greek,legend,7,"renowned hero or great beast (Homer, Iliad 6; Pindar, Olympian 13)",veteran,exact,yes,known,docs/specs/origins/legends-500.csv,,Bellerophon,175483,5.24,known,keep,,,164472,,known
orpheus,Orpheus,greek,legend,6,"notable figure (Ovid, Metamorphoses 10-11; Virgil, Georgics 4)",witch,reskin,yes,household,docs/specs/origins/legends-500.csv,,Orpheus,592898,5.77,known,keep,,,554844,,known
diomedes,Diomedes,greek,legend,7,"renowned hero or great beast (Homer, Iliad 5)",veteran,exact,yes,obscure,docs/specs/origins/legends-500.csv,,Diomedes,191804,5.28,known,keep,,,137916,peak 2026-07 is 3.9x the median month,known
patroclus,Patroclus,greek,legend,5,"notable figure (Homer, Iliad 16)",veteran,exact,yes,obscure,docs/specs/origins/legends-500.csv,,Patroclus,407429,5.61,known,keep,,,294732,peak 2026-07 is 4.0x the median month,known
agamemnon,Agamemnon,greek,legend,7,"renowned hero or great beast (Homer, Iliad; Aeschylus, Agamemnon)",veteran,exact,yes,known,docs/specs/origins/legends-500.csv,,Agamemnon,2379910,6.38,household,keep,,,560856,peak 2026-07 is 25.8x the median month,known
cassandra,Cassandra,greek,legend,2,"minor or local figure (Aeschylus, Agamemnon)",witch,exact,yes,known,docs/specs/origins/legends-500.csv,,Cassandra,603636,5.78,known,keep,,,482172,peak 2026-07 is 3.2x the median month,known
meleager,Meleager,greek,legend,5,"notable figure (Homer, Iliad 9; Ovid, Metamorphoses 8)",veteran,exact,yes,obscure,docs/specs/origins/legends-500.csv,,Meleager,40663,4.61,obscure,keep,,,40663,,obscure
castor,Castor,greek,legend,5,"notable figure (Pindar, Nemean 10)",veteran,exact,yes,known,docs/specs/origins/legends-500.csv,,Castor and Pollux,354680,5.55,known,keep,,shared article with a twin/partner row,304908,,known
pollux,Pollux,greek,legend,6,"notable figure (Pindar, Nemean 10; Apollonius, Argonautica 2)",veteran,exact,yes,known,docs/specs/origins/legends-500.csv,,Castor and Pollux,354680,5.55,known,keep,,shared article with a twin/partner row,304908,,known
hippolyta,Hippolyta,greek,legend,7,"renowned hero or great beast (Apollodorus, Library 2.5.9)",shieldmaiden,exact,yes,known,docs/specs/origins/legends-500.csv,,Hippolyta,158401,5.20,known,keep,,,140916,,known
medusa,Medusa,greek,legend,8,"major god, great monster or epic hero (Hesiod, Theogony; Ovid, Metamorphoses 4)",witch,reskin,yes,household,docs/specs/origins/legends-500.csv,,Medusa,909109,5.96,known,keep,,,911856,,known
minotaur,The Minotaur,greek,legend,8,"major god, great monster or epic hero (Apollodorus, Library 3.1; Plutarch, Life of Theseus)",minotaur,exact,yes,household,docs/specs/origins/legends-500.csv,body built but held (hold:true): needs un-hold + archetype row,Minotaur,593533,5.77,known,keep,,,571824,,known
lernaean-hydra,The Lernaean Hydra,greek,legend,8,"major god, great monster or epic hero (Hesiod, Theogony; Apollodorus, Library 2.5.2)",serpent,new,yes,household,docs/specs/origins/legends-500.csv,,Lernaean Hydra,297193,5.47,known,keep,,,281184,,known
chimera,The Chimera,greek,legend,8,"major god, great monster or epic hero (Homer, Iliad 6; Hesiod, Theogony)",quadruped,new,yes,known,docs/specs/origins/legends-500.csv,,Chimera (mythology),407696,5.61,known,keep,,,397476,,known
cerberus,Cerberus,greek,legend,8,"major god, great monster or epic hero (Hesiod, Theogony)",quadruped,new,yes,household,docs/specs/origins/legends-500.csv,,Cerberus,386093,5.59,known,keep,,,387912,,known
scylla,Scylla,greek,legend,8,"renowned hero or great beast (Homer, Odyssey 12)",serpent,new,yes,known,docs/specs/origins/legends-500.csv,,Scylla,860080,5.93,known,keep,,,379176,peak 2026-07 is 10.8x the median month,known
charybdis,Charybdis,greek,legend,8,"renowned hero or great beast (Homer, Odyssey 12)",serpent,new,yes,known,docs/specs/origins/legends-500.csv,,Charybdis,606080,5.78,known,keep,,,232920,peak 2026-07 is 13.5x the median month,known
sphinx-of-thebes,The Sphinx of Thebes,greek,legend,8,"major god, great monster or epic hero (Sophocles, Oedipus Tyrannus; Apollodorus, Library 3.5.8)",quadruped,new,yes,household,docs/specs/origins/legends-500.csv,wing kit,Sphinx,356780,5.55,known,keep,,,357876,,known
lamia,Lamia,greek,legend,6,renowned hero or great beast (Diodorus Siculus 20.41),serpent,new,yes,known,docs/specs/origins/legends-500.csv,,Lamia,218014,5.34,known,keep,,,213888,,known
echidna,Echidna,greek,legend,8,"major god, great monster or epic hero (Hesiod, Theogony)",serpent,new,yes,known,docs/specs/origins/legends-500.csv,,Echidna (mythology),231521,5.36,known,keep,,,216336,,known
nemean-lion,The Nemean Lion,greek,legend,7,"renowned hero or great beast (Apollodorus, Library 2.5.1)",quadruped,new,yes,known,docs/specs/origins/legends-500.csv,,Nemean lion,124039,5.09,known,keep,,,124344,,known
briareus,Briareus,greek,legend,8,"major god, great monster or epic hero (Hesiod, Theogony; Homer, Iliad 1)",knight,reskin,yes,obscure,docs/specs/origins/legends-500.csv,"giant = knight or executioner body scaled ~2x (owner 2026-10-07), no new family",Hecatoncheires,165599,5.22,known,keep,,,155856,,known
pegasus,Pegasus,greek,legend,4,"notable figure (Hesiod, Theogony; Pindar, Olympian 13)",quadruped,new,yes,household,docs/specs/origins/legends-500.csv,,Pegasus,321615,5.51,known,keep,,,322692,,known
alecto,Alecto,greek,legend,5,"notable figure (Virgil, Aeneid 7)",nightborn,reskin,yes,obscure,docs/specs/origins/legends-500.csv,wing kit,Alecto,63625,4.80,obscure,keep,,,63625,,obscure
janus,Janus,roman,patron,9,"major god, great monster or epic hero (Ovid, Fasti 1)",witch,reskin,yes,household,docs/specs/origins/legends-500.csv,patron: hardest tier (owner 2026-10-07),Janus,345022,5.54,known,keep,,,308292,,known
bellona,Bellona,roman,patron,9,"major god, great monster or epic hero (Virgil, Aeneid 8)",shieldmaiden,exact,yes,obscure,docs/specs/origins/legends-500.csv,patron: hardest tier (owner 2026-10-07),Bellona (goddess),76067,4.88,obscure,keep,,,76067,,obscure
fortuna,Fortuna,roman,patron,9,"renowned hero or great beast (Horace, Odes 1.35)",witch,reskin,yes,known,docs/specs/origins/legends-500.csv,patron: hardest tier (owner 2026-10-07),Fortuna,126184,5.10,known,keep,,,117348,,known
vesta,Vesta,roman,patron,9,"renowned hero or great beast (Ovid, Fasti 6)",witch,reskin,yes,known,docs/specs/origins/legends-500.csv,patron: hardest tier (owner 2026-10-07),Vesta (mythology),144739,5.16,known,keep,,,143724,,known
mithras,Mithras,roman,patron,10,"major god, great monster or epic hero (Statius, Thebaid 1.719-20; Roman cult reliefs)",veteran,reskin,yes,known,docs/specs/origins/legends-500.csv,patron: hardest tier (owner 2026-10-07),Mithraism,399375,5.60,known,keep,,,370944,,known
aeneas,Aeneas,roman,legend,7,"renowned hero or great beast (Virgil, Aeneid)",veteran,exact,yes,known,docs/specs/origins/legends-500.csv,,Aeneas,436718,5.64,known,keep,,,325380,peak 2026-07 is 3.6x the median month,known
turnus,Turnus,roman,legend,5,"notable figure (Virgil, Aeneid 7-12)",veteran,exact,yes,obscure,docs/specs/origins/legends-500.csv,,Turnus,21112,4.32,obscure,keep,,,21112,,obscure
dido,Dido,roman,legend,4,"notable figure (Virgil, Aeneid 4)",shieldmaiden,reskin,yes,known,docs/specs/origins/legends-500.csv,,Dido,228543,5.36,known,keep,,,223716,,known
horatius-cocles,Horatius Cocles,roman,legend,4,notable figure (Livy 2.10),legionary,exact,yes,known,docs/specs/origins/legends-500.csv,body recoverable from git history (src/assets/source/creatures/legionary*.glb or src/assets/source/items/ranger.glb),Horatius Cocles,56225,4.75,obscure,keep,,,56225,,obscure
mucius-scaevola,Mucius Scaevola,roman,legend,3,notable figure (Livy 2.12),legionary,exact,yes,obscure,docs/specs/origins/legends-500.csv,body recoverable from git history (src/assets/source/creatures/legionary*.glb or src/assets/source/items/ranger.glb),Gaius Mucius Scaevola,30648,4.49,obscure,keep,,,30648,,obscure
cloelia,Cloelia,roman,legend,2,minor or local figure (Livy 2.13),shieldmaiden,reskin,yes,obscure,docs/specs/origins/legends-500.csv,,Cloelia,9055,3.96,obscure,park,"9,055 views/yr (<10,000)",,9055,,obscure
coriolanus,Coriolanus,roman,legend,6,"notable figure (Plutarch, Life of Coriolanus)",legionary,exact,yes,obscure,docs/specs/origins/legends-500.csv,body recoverable from git history (src/assets/source/creatures/legionary*.glb or src/assets/source/items/ranger.glb),Gnaeus Marcius Coriolanus,51512,4.71,obscure,keep,,,51512,,obscure
erichtho,Erichtho,roman,legend,6,"renowned hero or great beast (Lucan, Pharsalia 6)",witch,exact,yes,obscure,docs/specs/origins/legends-500.csv,,Erichtho,18425,4.27,obscure,keep,,,18425,,obscure
lemures,The Lemures,roman,legend,2,"minor or local figure (Ovid, Fasti 5)",skeleton,exact,yes,obscure,docs/specs/origins/legends-500.csv,body built but held (hold:true): needs un-hold + archetype row,Lemures,39115,4.59,obscure,keep,,,39115,,obscure
strix,The Strix,roman,legend,1,"minor or local figure (Ovid, Fasti 6)",nightborn,reskin,yes,obscure,docs/specs/origins/legends-500.csv,head variant: owl; wing kit,Strix (mythology),77446,4.89,obscure,keep,,,77446,,obscure
odin,Odin,norse,patron,10,patron/god: hardest tier; was pit rung 10 in src/legends.ts,witch,exact,yes,household,docs/specs/origins/legends-500.csv,existing=yes (src/legends.ts witch rung 10); owner patron rule (9-10) conflicts: see md; patron: hardest tier (owner 2026-10-07); old Pit rung 10 superseded by patron rule (Strategy 2026-10-07),Odin,712447,5.85,known,keep,,,710076,,known
thor,Thor,norse,patron,10,patron/god: hardest tier; was pit rung 10 in src/legends.ts,knight,exact,yes,household,docs/specs/origins/legends-500.csv,"MANDATORY (Dom 2026-10-07): NO Marvel branding or look of any kind. No red cape, no winged helm, no square-headed Marvel hammer, no blond clean-shaven hero. Design from the Eddas only: red-bearded, iron-gloved, short-handled Mjolnir, goat-drawn storm god. existing=yes (src/legends.ts knight rung 10); owner patron rule (9-10) conflicts: see md; patron: hardest tier (owner 2026-10-07); old Pit rung 10 superseded by patron rule (Strategy 2026-10-07)",Thor,487501,5.69,known,keep,,,482724,,known
freyja,Freyja,norse,patron,10,"major god, great monster or epic hero (Snorri, Prose Edda; Poetic Edda (Lokasenna))",shieldmaiden,reskin,yes,known,docs/specs/origins/legends-500.csv,patron: hardest tier (owner 2026-10-07),Freyja,494310,5.69,known,keep,,,494976,,known
freyr,Freyr,norse,patron,9,"major god, great monster or epic hero (Poetic Edda (Skirnismal))",knight,reskin,yes,known,docs/specs/origins/legends-500.csv,patron: hardest tier (owner 2026-10-07),Freyr,167392,5.22,known,keep,,,166080,,known
tyr,Tyr,norse,patron,10,"major god, great monster or epic hero (Snorri, Prose Edda (Gylfaginning 25))",veteran,reskin,yes,known,docs/specs/origins/legends-500.csv,patron: hardest tier (owner 2026-10-07),Týr,271749,5.43,known,keep,,,254868,,known
heimdall,Heimdall,norse,patron,10,"major god, great monster or epic hero (Snorri, Prose Edda; Voluspa)",knight,reskin,yes,known,docs/specs/origins/legends-500.csv,patron: hardest tier (owner 2026-10-07),Heimdall,146209,5.16,known,keep,,,141648,,known
baldr,Baldr,norse,patron,9,"major god, great monster or epic hero (Snorri, Prose Edda (Gylfaginning 49))",knight,reskin,yes,known,docs/specs/origins/legends-500.csv,patron: hardest tier (owner 2026-10-07),Baldr,250246,5.40,known,keep,,,244080,,known
frigg,Frigg,norse,patron,9,"major god, great monster or epic hero (Snorri, Prose Edda)",witch,reskin,yes,known,docs/specs/origins/legends-500.csv,patron: hardest tier (owner 2026-10-07),Frigg,166543,5.22,known,keep,,,155964,,known
njord,Njord,norse,patron,9,"renowned hero or great beast (Snorri, Prose Edda)",knight,reskin,yes,obscure,docs/specs/origins/legends-500.csv,patron: hardest tier (owner 2026-10-07),Njörðr,85381,4.93,obscure,keep,,,85381,,obscure
skadi,Skadi,norse,patron,9,"renowned hero or great beast (Snorri, Prose Edda (Skaldskaparmal))",ranger,reskin,yes,known,docs/specs/origins/legends-500.csv,body recoverable from git history (src/assets/source/creatures/legionary*.glb or src/assets/source/items/ranger.glb); patron: hardest tier (owner 2026-10-07),Skaði,110759,5.04,known,keep,,,105276,,known
hel,Hel,norse,patron,10,patron/god: hardest tier; was pit rung 4 in src/legends.ts,executioner,exact,yes,household,docs/specs/origins/legends-500.csv,existing=yes (src/legends.ts executioner rung 4); owner patron rule (9-10) conflicts: see md; patron: hardest tier (owner 2026-10-07); old Pit rung 4 superseded by patron rule (Strategy 2026-10-07),Hel (mythological being),157511,5.20,known,keep,,,153672,,known
loki,Loki,norse,patron,10,patron/god: hardest tier; was pit rung 10 in src/legends.ts,goblin,exact,yes,household,docs/specs/origins/legends-500.csv,"MANDATORY (Dom 2026-10-07): NO Marvel branding or look of any kind. No golden horned helm, no green-and-gold costume, no sceptre. Design from the Eddas only: scarred lips sewn shut (Skaldskaparmal), shape-shifter, fire-and-trickster motifs. existing=yes (src/legends.ts goblin rung 10); owner patron rule (9-10) conflicts: see md; patron: hardest tier (owner 2026-10-07); old Pit rung 10 superseded by patron rule (Strategy 2026-10-07)",Loki,553414,5.74,known,keep,,,528504,,known
aegir,Aegir,norse,patron,9,"major god, great monster or epic hero (Poetic Edda (Lokasenna); Skaldskaparmal)",witch,reskin,yes,obscure,docs/specs/origins/legends-500.csv,patron: hardest tier (owner 2026-10-07),Ægir,47463,4.68,obscure,keep,,,47463,,obscure
ran,Ran,norse,patron,9,"renowned hero or great beast (Snorri, Skaldskaparmal)",witch,reskin,yes,obscure,docs/specs/origins/legends-500.csv,patron: hardest tier (owner 2026-10-07),Rán,41286,4.62,obscure,keep,,,41286,,obscure
fenrir,Fenrir,norse,legend,10,"cosmic/apex (Snorri, Prose Edda)",werewolf,reskin,yes,household,docs/specs/origins/legends-500.csv,body built but held (hold:true): needs un-hold + archetype row; hound proxy on werewolf body (true quadruped would be nicer),Fenrir,317005,5.50,known,keep,,,294816,,known
jormungandr,Jormungandr,norse,legend,10,"cosmic/apex (Snorri, Prose Edda)",serpent,new,yes,known,docs/specs/origins/legends-500.csv,,Jörmungandr,366907,5.56,known,keep,,,369216,,known
sleipnir,Sleipnir,norse,legend,7,"renowned hero or great beast (Snorri, Prose Edda)",quadruped,new,yes,known,docs/specs/origins/legends-500.csv,,Sleipnir,125335,5.10,known,keep,,,123540,,known
nidhogg,Nidhogg,norse,legend,8,"major god, great monster or epic hero (Voluspa; Snorri, Gylfaginning)",serpent,new,yes,known,docs/specs/origins/legends-500.csv,,Nidhogg,210524,5.32,known,keep,,,147240,,known
fafnir,Fafnir,norse,legend,8,"major god, great monster or epic hero (Volsunga saga; Fafnismal)",serpent,new,yes,known,docs/specs/origins/legends-500.csv,,Fáfnir,113807,5.06,known,keep,,,100836,,known
gudrun,Gudrun,norse,legend,3,minor or local figure (Volsunga saga; Atlakvida),shieldmaiden,reskin,yes,obscure,docs/specs/origins/legends-500.csv,,Gudrun,44574,4.65,obscure,keep,,,44574,,obscure
starkad,Starkad,norse,legend,5,"notable figure (Saxo Grammaticus, Gesta Danorum 6-8)",veteran,exact,yes,obscure,docs/specs/origins/legends-500.csv,,Starkad,11328,4.05,obscure,keep,,,11328,,obscure
hrolf-kraki,Hrolf Kraki,norse,legend,5,notable figure (Hrolfs saga kraka),veteran,exact,yes,obscure,docs/specs/origins/legends-500.csv,,Hrólfr Kraki,19883,4.30,obscure,keep,,,19883,,obscure
bodvar-bjarki,Bodvar Bjarki,norse,legend,6,renowned hero or great beast (Hrolfs saga kraka),veteran,reskin,yes,obscure,docs/specs/origins/legends-500.csv,,Bödvar Bjarki,17912,4.25,obscure,keep,,,17912,,obscure
grettir,Grettir,norse,legend,4,notable figure (Grettis saga),veteran,exact,yes,obscure,docs/specs/origins/legends-500.csv,,Grettis saga,25120,4.40,obscure,keep,,,25120,,obscure
glamr,Glamr,norse,legend,3,minor or local figure (Grettis saga),skeleton,exact,yes,obscure,docs/specs/origins/legends-500.csv,body built but held (hold:true): needs un-hold + archetype row,Grettis saga,25120,4.40,obscure,keep,,,25120,,obscure
kara,Kara,norse,legend,2,minor or local figure (Helgakvida Hundingsbana II (prose); Hromundar saga),shieldmaiden,reskin,yes,obscure,docs/specs/origins/legends-500.csv,,Kára,12696,4.10,obscure,keep,,,12696,,obscure
angantyr,Angantyr,norse,legend,5,notable figure (Hervarar saga),veteran,exact,yes,obscure,docs/specs/origins/legends-500.csv,,Angantyr,6175,3.79,obscure,park,"6,175 views/yr (<10,000)",,6175,,obscure
thrym,Thrym,norse,legend,7,renowned hero or great beast (Thrymskvida),knight,reskin,yes,obscure,docs/specs/origins/legends-500.csv,"giant = knight or executioner body scaled ~2x (owner 2026-10-07), no new family",Þrymr,10130,4.01,obscure,keep,,,10130,,obscure
thjazi,Thjazi,norse,legend,7,"renowned hero or great beast (Snorri, Skaldskaparmal)",knight,reskin,yes,obscure,docs/specs/origins/legends-500.csv,"giant = knight or executioner body scaled ~2x (owner 2026-10-07), no new family",Þjazi,21588,4.33,obscure,keep,,,21588,,obscure
utgarda-loki,Utgarda-Loki,norse,legend,8,"major god, great monster or epic hero (Snorri, Gylfaginning 44-47)",knight,reskin,yes,obscure,docs/specs/origins/legends-500.csv,"giant = knight or executioner body scaled ~2x (owner 2026-10-07), no new family",Útgarða-Loki,25291,4.40,obscure,keep,,,25291,,obscure
skoll,Skoll,norse,legend,8,"renowned hero or great beast (Grimnismal; Snorri, Gylfaginning)",werewolf,reskin,yes,obscure,docs/specs/origins/legends-500.csv,body built but held (hold:true): needs un-hold + archetype row; hound proxy on werewolf body (true quadruped would be nicer),Sköll,80090,4.90,obscure,keep,,shared article with a twin/partner row,80090,,obscure
hati,Hati,norse,legend,8,"renowned hero or great beast (Grimnismal; Snorri, Gylfaginning)",werewolf,reskin,yes,obscure,docs/specs/origins/legends-500.csv,body built but held (hold:true): needs un-hold + archetype row; hound proxy on werewolf body (true quadruped would be nicer),Hati Hróðvitnisson,45836,4.66,obscure,keep,,shared article with a twin/partner row,45836,,obscure
draugr,The Draugr,norse,legend,1,minor or local figure (Eyrbyggja saga; Grettis saga),skeleton,exact,yes,obscure,docs/specs/origins/legends-500.csv,body built but held (hold:true): needs un-hold + archetype row,Draugr,170982,5.23,known,keep,,,166212,,known
berserkers,The Berserkers,norse,legend,3,"notable figure (Snorri, Ynglinga saga 6)",werewolf,exact,yes,obscure,docs/specs/origins/legends-500.csv,body built but held (hold:true): needs un-hold + archetype row,Berserker,279586,5.45,known,keep,,,277692,,known
norns,The Norns,norse,legend,8,"major god, great monster or epic hero (Voluspa; Snorri, Gylfaginning)",witch,exact,yes,known,docs/specs/origins/legends-500.csv,,Norns,122220,5.09,known,keep,,,117072,,known
valkyries,The Valkyries,norse,legend,7,renowned hero or great beast (Voluspa; Darradarljod),shieldmaiden,exact,yes,household,docs/specs/origins/legends-500.csv,wing kit,Valkyrie,386745,5.59,known,keep,,,372864,,known
einherjar,The Einherjar,norse,legend,7,"renowned hero or great beast (Grimnismal; Snorri, Gylfaginning)",veteran,exact,yes,obscure,docs/specs/origins/legends-500.csv,,Einherjar,72497,4.86,obscure,keep,,,72497,,obscure
angrboda,Angrboda,norse,legend,7,"renowned hero or great beast (Snorri, Gylfaginning)",witch,exact,yes,obscure,docs/specs/origins/legends-500.csv,,Angrboða,97699,4.99,obscure,keep,,,97699,,obscure
ymir,Ymir,norse,legend,10,"cosmic/apex (Snorri, Gylfaginning)",knight,reskin,yes,known,docs/specs/origins/legends-500.csv,"giant = knight or executioner body scaled ~2x (owner 2026-10-07), no new family",Ymir,145027,5.16,known,keep,,,137376,,known
mimir,Mimir,norse,legend,6,"renowned hero or great beast (Snorri, Ynglinga saga 4; Voluspa)",witch,reskin,yes,known,docs/specs/origins/legends-500.csv,,Mímir,122720,5.09,known,keep,,,120768,,known
gullveig,Gullveig,norse,legend,6,notable figure (Voluspa),witch,exact,yes,obscure,docs/specs/origins/legends-500.csv,,Gullveig,27186,4.43,obscure,keep,,,27186,,obscure
egil-skallagrimsson,Egil Skallagrimsson,norse,legend,4,notable figure (Egils saga),veteran,exact,yes,obscure,docs/specs/origins/legends-500.csv,,Egill Skallagrímsson,38123,4.58,obscure,keep,,,38123,,obscure
ra,Ra,egyptian,patron,10,cosmic/apex (Book of the Dead; Book of the Heavenly Cow),knight,reskin,yes,household,docs/specs/origins/legends-500.csv,patron: hardest tier (owner 2026-10-07),Ra,596349,5.78,known,keep,,,587388,,known
osiris,Osiris,egyptian,patron,10,"cosmic/apex (Plutarch, On Isis and Osiris; Pyramid Texts)",executioner,reskin,yes,household,docs/specs/origins/legends-500.csv,patron: hardest tier (owner 2026-10-07),Osiris,525353,5.72,known,keep,,,522720,,known
aset,Aset,egyptian,patron,10,"major god, great monster or epic hero (Plutarch, On Isis and Osiris)",witch,reskin,yes,household,docs/specs/origins/legends-500.csv,patron: hardest tier (owner 2026-10-07); renamed from Isis (COO legends audit 2026-10-07),Isis,571900,5.76,known,keep,,,558600,,known
horus,Horus,egyptian,patron,10,"major god, great monster or epic hero (The Contendings of Horus and Set (Papyrus Chester Beatt)",knight,reskin,yes,known,docs/specs/origins/legends-500.csv,head variant: falcon; patron: hardest tier (owner 2026-10-07),Horus,560447,5.75,known,keep,,,568584,,known
set,Set,egyptian,patron,10,patron/god: hardest tier; was pit rung 8 in src/legends.ts,nightborn,exact,yes,known,docs/specs/origins/legends-500.csv,existing=yes (src/legends.ts nightborn rung 8); owner patron rule (9-10) conflicts: see md; patron: hardest tier (owner 2026-10-07); old Pit rung 8 superseded by patron rule (Strategy 2026-10-07),Set (deity),471693,5.67,known,keep,,,457716,,known
anubis,Anubis,egyptian,patron,10,patron/god: hardest tier; was pit rung 5 in src/legends.ts,executioner,exact,yes,household,docs/specs/origins/legends-500.csv,existing=yes (src/legends.ts executioner rung 5); owner patron rule (9-10) conflicts: see md; patron: hardest tier (owner 2026-10-07); old Pit rung 5 superseded by patron rule (Strategy 2026-10-07),Anubis,595492,5.77,known,keep,,,601644,,known
thoth,Thoth,egyptian,patron,10,"major god, great monster or epic hero (Book of the Dead; Plato, Phaedrus 274)",witch,reskin,yes,known,docs/specs/origins/legends-500.csv,head variant: ibis; patron: hardest tier (owner 2026-10-07),Thoth,414485,5.62,known,keep,,,407628,,known
sekhmet,Sekhmet,egyptian,patron,10,patron/god: hardest tier; was pit rung 6 in src/legends.ts,plaguedoctor,exact,yes,known,docs/specs/origins/legends-500.csv,existing=yes (src/legends.ts plaguedoctor rung 6); owner patron rule (9-10) conflicts: see md; patron: hardest tier (owner 2026-10-07); old Pit rung 6 superseded by patron rule (Strategy 2026-10-07),Sekhmet,348366,5.54,known,keep,,,268056,peak 2026-06 is 4.1x the median month,known
bastet,Bastet,egyptian,patron,9,renowned hero or great beast (Herodotus 2.60; Bubastis temple texts),shieldmaiden,reskin,yes,known,docs/specs/origins/legends-500.csv,head variant: cat; patron: hardest tier (owner 2026-10-07),Bastet,357322,5.55,known,keep,,,352236,,known
hathor,Hathor,egyptian,patron,9,renowned hero or great beast (Book of the Heavenly Cow),witch,reskin,yes,obscure,docs/specs/origins/legends-500.csv,head variant: cow horns; patron: hardest tier (owner 2026-10-07),Hathor,341155,5.53,known,keep,,,334488,,known
sobek,Sobek,egyptian,patron,9,renowned hero or great beast (Pyramid Texts; Kom Ombo temple texts),pitborn,reskin,yes,obscure,docs/specs/origins/legends-500.csv,head variant: crocodile; patron: hardest tier (owner 2026-10-07),Sobek,176189,5.25,known,keep,,,166260,,known
khonsu,Khonsu,egyptian,patron,9,renowned hero or great beast (Pyramid Texts (Cannibal Hymn); Bentresh Stela),witch,reskin,yes,obscure,docs/specs/origins/legends-500.csv,head variant: moon crown; patron: hardest tier (owner 2026-10-07),Khonsu,189966,5.28,known,keep,,,177708,,known
montu,Montu,egyptian,patron,9,renowned hero or great beast (Poem of Pentaur (Kadesh inscriptions)),veteran,reskin,yes,obscure,docs/specs/origins/legends-500.csv,patron: hardest tier (owner 2026-10-07),Montu,61507,4.79,obscure,keep,,,61507,,obscure
nephthys,Nephthys,egyptian,patron,9,"renowned hero or great beast (Pyramid Texts; Plutarch, On Isis and Osiris)",executioner,reskin,yes,known,docs/specs/origins/legends-500.csv,patron: hardest tier (owner 2026-10-07),Nephthys,156916,5.20,known,keep,,,153828,,known
ptah,Ptah,egyptian,patron,9,patron/god: hardest tier; was pit rung 8 in src/legends.ts,dwarf,exact,yes,known,docs/specs/origins/legends-500.csv,existing=yes (src/legends.ts dwarf rung 8); owner patron rule (9-10) conflicts: see md; CSV note says ladder dwarf 7; src/legends.ts has Ptah at index 8; patron: hardest tier (owner 2026-10-07); old Pit rung 8 superseded by patron rule (Strategy 2026-10-07),Ptah,162379,5.21,known,keep,,,156744,,known
amun,Amun,egyptian,patron,10,cosmic/apex (Leiden Hymns to Amun (Papyrus Leiden I 350)),witch,reskin,yes,obscure,docs/specs/origins/legends-500.csv,patron: hardest tier (owner 2026-10-07),Amun,385634,5.59,known,keep,,,381276,,known
neith,Neith,egyptian,patron,9,"major god, great monster or epic hero (The Contendings of Horus and Set)",shieldmaiden,reskin,yes,obscure,docs/specs/origins/legends-500.csv,patron: hardest tier (owner 2026-10-07),Neith,132949,5.12,known,keep,,,130056,,known
serket,Serket,egyptian,patron,9,notable figure (Pyramid Texts; Metternich Stela),plaguedoctor,reskin,yes,obscure,docs/specs/origins/legends-500.csv,head variant: scorpion crown; patron: hardest tier (owner 2026-10-07),Serket,61510,4.79,obscure,keep,,,61510,,obscure
bes,Bes,egyptian,patron,9,minor or local figure (Metternich Stela; household magical texts),dwarf,reskin,yes,obscure,docs/specs/origins/legends-500.csv,patron: hardest tier (owner 2026-10-07),Bes,92983,4.97,obscure,keep,,,92983,,obscure
imhotep,Imhotep,egyptian,patron,9,notable figure (Manetho (via Africanus); Saqqara cult inscriptions of t),plaguedoctor,exact,yes,known,docs/specs/origins/legends-500.csv,patron: hardest tier (owner 2026-10-07),Imhotep,269433,5.43,known,keep,,,268008,,known
apep,Apep,egyptian,legend,10,cosmic/apex (Book of Overthrowing Apep (Papyrus Bremner-Rhind)),serpent,new,yes,known,docs/specs/origins/legends-500.csv,,Apophis,194756,5.29,known,keep,,,193464,,known
ammit,Ammit,egyptian,legend,8,"renowned hero or great beast (Book of the Dead, spell 125)",pitborn,reskin,yes,obscure,docs/specs/origins/legends-500.csv,head variant: croc/lion/hippo composite,Ammit,127516,5.11,known,keep,,,124872,,known
bennu,Bennu,egyptian,legend,6,"notable figure (Book of the Dead, spell 83)",nightborn,reskin,yes,obscure,docs/specs/origins/legends-500.csv,head variant: heron; wing kit,Bennu,67772,4.83,obscure,keep,,,67772,,obscure
sinuhe,Sinuhe,egyptian,legend,1,minor or local figure (The Story of Sinuhe),veteran,exact,yes,obscure,docs/specs/origins/legends-500.csv,,Story of Sinuhe,33230,4.52,obscure,keep,,,33230,,obscure
shipwrecked-sailors-serpent,The Shipwrecked Sailor's Serpent,egyptian,legend,3,notable figure (The Tale of the Shipwrecked Sailor),serpent,new,yes,obscure,docs/specs/origins/legends-500.csv,,Tale of the Shipwrecked Sailor,21610,4.33,obscure,keep,,,21610,,obscure
setne-khamwas,Setne Khamwas,egyptian,legend,3,minor or local figure (First Tale of Setne (Papyrus Cairo 30646)),witch,exact,yes,obscure,docs/specs/origins/legends-500.csv,,Setne Khamwas and Si-Osire,4620,3.66,obscure,park,"4,620 views/yr (<10,000)",shared article with a twin/partner row,4620,,obscure
naneferkaptah,Naneferkaptah,egyptian,legend,4,notable figure (First Tale of Setne (Papyrus Cairo 30646)),witch,exact,yes,obscure,docs/specs/origins/legends-500.csv,,Setne Khamwas and Si-Osire,4620,3.66,obscure,park,"4,620 views/yr (<10,000)",shared article with a twin/partner row,4620,,obscure
tiamat,Tiamat,mesopotamian,patron,10,cosmic/apex (Enuma Elish),serpent,new,yes,known,docs/specs/origins/legends-500.csv,patron: hardest tier (owner 2026-10-07),Tiamat,309161,5.49,known,keep,,,313380,,known
ereshkigal,Ereshkigal,mesopotamian,patron,10,patron/god: hardest tier; was pit rung 6 in src/legends.ts,executioner,exact,yes,known,docs/specs/origins/legends-500.csv,existing=yes (src/legends.ts executioner rung 6); owner patron rule (9-10) conflicts: see md; patron: hardest tier (owner 2026-10-07); old Pit rung 6 superseded by patron rule (Strategy 2026-10-07),Ereshkigal,117977,5.07,known,keep,,,115044,,known
marduk,Marduk,mesopotamian,patron,10,cosmic/apex (Enuma Elish),knight,reskin,yes,known,docs/specs/origins/legends-500.csv,patron: hardest tier (owner 2026-10-07),Marduk,310255,5.49,known,keep,,,299400,,known
enlil,Enlil,mesopotamian,patron,10,cosmic/apex (Atrahasis),knight,reskin,yes,obscure,docs/specs/origins/legends-500.csv,patron: hardest tier (owner 2026-10-07),Enlil,177995,5.25,known,keep,,,173412,,known
enki,Enki,mesopotamian,patron,10,"major god, great monster or epic hero (Atrahasis; Enki and Ninmah)",witch,reskin,yes,obscure,docs/specs/origins/legends-500.csv,patron: hardest tier (owner 2026-10-07),Enki,274642,5.44,known,keep,,,265032,,known
anu,Anu,mesopotamian,patron,10,cosmic/apex (Enuma Elish; Epic of Gilgamesh VI),knight,reskin,yes,obscure,docs/specs/origins/legends-500.csv,patron: hardest tier (owner 2026-10-07),Anu,179916,5.26,known,keep,,,175716,,known
inanna,Inanna,mesopotamian,patron,10,"major god, great monster or epic hero (Descent of Inanna; Inanna and Ebih)",shieldmaiden,reskin,yes,known,docs/specs/origins/legends-500.csv,patron: hardest tier (owner 2026-10-07),Inanna,587846,5.77,known,keep,,,572460,,known
shamash,Shamash,mesopotamian,patron,10,"major god, great monster or epic hero (Epic of Gilgamesh III-V)",knight,reskin,yes,obscure,docs/specs/origins/legends-500.csv,patron: hardest tier (owner 2026-10-07),Shamash,153925,5.19,known,keep,,,144060,,known
nanna,Nanna,mesopotamian,patron,9,renowned hero or great beast (Nanna-Suen's Journey to Nippur),witch,reskin,yes,obscure,docs/specs/origins/legends-500.csv,patron: hardest tier (owner 2026-10-07),Sin (mythology),143805,5.16,known,keep,,,138804,,known
ninurta,Ninurta,mesopotamian,patron,10,"major god, great monster or epic hero (Lugal-e; Anzu epic)",knight,reskin,yes,obscure,docs/specs/origins/legends-500.csv,patron: hardest tier (owner 2026-10-07),Ninurta,70632,4.85,obscure,keep,,,70632,,obscure
nergal,Nergal,mesopotamian,patron,9,patron/god: hardest tier; was pit rung 7 in src/legends.ts,plaguedoctor,exact,yes,known,docs/specs/origins/legends-500.csv,existing=yes (src/legends.ts plaguedoctor rung 7); owner patron rule (9-10) conflicts: see md; patron: hardest tier (owner 2026-10-07); old Pit rung 7 superseded by patron rule (Strategy 2026-10-07),Nergal,174013,5.24,known,keep,,,154992,,known
dumuzi,Dumuzi,mesopotamian,patron,9,notable figure (Descent of Inanna; Dumuzid's Dream),veteran,reskin,yes,obscure,docs/specs/origins/legends-500.csv,patron: hardest tier (owner 2026-10-07),Dumuzid,97406,4.99,obscure,keep,,,97406,,obscure
gilgamesh,Gilgamesh,mesopotamian,legend,8,"major god, great monster or epic hero (Epic of Gilgamesh (Standard Babylonian))",veteran,exact,yes,household,docs/specs/origins/legends-500.csv,,Gilgamesh,626992,5.80,known,keep,,,583572,,known
enkidu,Enkidu,mesopotamian,legend,8,renowned hero or great beast (Epic of Gilgamesh I-VII),pitborn,exact,yes,known,docs/specs/origins/legends-500.csv,,Enkidu,205823,5.31,known,keep,,,193056,,known
bull-of-heaven,The Bull of Heaven,mesopotamian,legend,8,"major god, great monster or epic hero (Epic of Gilgamesh VI)",quadruped,new,yes,obscure,docs/specs/origins/legends-500.csv,,Bull of Heaven,62141,4.79,obscure,keep,,,62141,,obscure
utnapishtim,Utnapishtim,mesopotamian,legend,3,notable figure (Epic of Gilgamesh XI),witch,reskin,yes,obscure,docs/specs/origins/legends-500.csv,,Utnapishtim,108385,5.03,known,keep,,,108852,,known
lamashtu,Lamashtu,mesopotamian,legend,6,renowned hero or great beast (Lamashtu incantations),pitborn,reskin,yes,obscure,docs/specs/origins/legends-500.csv,head variant: horns,Lamashtu,115012,5.06,known,keep,,,108384,,known
pazuzu,Pazuzu,mesopotamian,legend,7,renowned hero or great beast (Neo-Assyrian amulets and incantations),nightborn,reskin,yes,obscure,docs/specs/origins/legends-500.csv,head variant: bird/lion; wing kit,Pazuzu,289175,5.46,known,keep,,,231252,,known
kingu,Kingu,mesopotamian,legend,8,"major god, great monster or epic hero (Enuma Elish)",pitborn,reskin,yes,obscure,docs/specs/origins/legends-500.csv,head variant: horns,Qingu,15632,4.19,obscure,keep,,,15632,,obscure
anzu,Anzu,mesopotamian,legend,7,renowned hero or great beast (Anzu epic),nightborn,reskin,yes,obscure,docs/specs/origins/legends-500.csv,head variant: lion-eagle; wing kit,Anzû,70699,4.85,obscure,keep,,,70699,,obscure
mushussu,Mushussu,mesopotamian,legend,5,notable figure (Enuma Elish; Ishtar Gate reliefs),serpent,new,yes,obscure,docs/specs/origins/legends-500.csv,,Mušḫuššu,74749,4.87,obscure,keep,,,74749,,obscure
scorpion-men,The Scorpion Men,mesopotamian,legend,5,notable figure (Epic of Gilgamesh IX),pitborn,reskin,yes,obscure,docs/specs/origins/legends-500.csv,head variant: scorpion tail,Scorpion man,29179,4.47,obscure,keep,,,29179,,obscure
ugallu,Ugallu,mesopotamian,legend,4,notable figure (Enuma Elish; Assyrian palace reliefs),pitborn,reskin,yes,obscure,docs/specs/origins/legends-500.csv,head variant: lion,Ugallu,11819,4.07,obscure,keep,,,11819,,obscure
asag,Asag,mesopotamian,legend,8,renowned hero or great beast (Lugal-e),pitborn,reskin,yes,obscure,docs/specs/origins/legends-500.csv,head variant: horns,Asag,19173,4.28,obscure,keep,,,19173,,obscure
semiramis,Semiramis,mesopotamian,legend,5,notable figure (Diodorus Siculus 2.4-20),shieldmaiden,reskin,yes,obscure,docs/specs/origins/legends-500.csv,,Semiramis,160604,5.21,known,keep,,,163188,,known
adapa,Adapa,mesopotamian,legend,2,minor or local figure (Adapa myth),witch,reskin,yes,obscure,docs/specs/origins/legends-500.csv,,Adapa,29797,4.47,obscure,keep,,,29797,,obscure
morrigan,The Morrigan,celtic,patron,9,patron/god: hardest tier; was pit rung 7 in src/legends.ts,executioner,exact,yes,known,docs/specs/origins/legends-500.csv,existing=yes (src/legends.ts executioner rung 7); owner patron rule (9-10) conflicts: see md; patron: hardest tier (owner 2026-10-07); old Pit rung 7 superseded by patron rule (Strategy 2026-10-07),The Morrígan,332230,5.52,known,keep,,,327132,,known
dagda,The Dagda,celtic,patron,10,"major god, great monster or epic hero (Cath Maige Tuired)",pitborn,reskin,yes,known,docs/specs/origins/legends-500.csv,patron: hardest tier (owner 2026-10-07),The Dagda,143061,5.16,known,keep,,,124716,,known
lugh,Lugh,celtic,patron,10,"major god, great monster or epic hero (Cath Maige Tuired)",veteran,reskin,yes,known,docs/specs/origins/legends-500.csv,patron: hardest tier (owner 2026-10-07),Lugh,174130,5.24,known,keep,,,172536,,known
nuada,Nuada,celtic,patron,9,"major god, great monster or epic hero (Cath Maige Tuired)",knight,reskin,yes,obscure,docs/specs/origins/legends-500.csv,patron: hardest tier (owner 2026-10-07),Nuada Airgetlám,49871,4.70,obscure,keep,,,49871,,obscure
manannan-mac-lir,Manannan mac Lir,celtic,patron,10,"major god, great monster or epic hero (Immram Brain; Echtra Cormaic)",knight,reskin,yes,obscure,docs/specs/origins/legends-500.csv,patron: hardest tier (owner 2026-10-07),Manannán mac Lir,85176,4.93,obscure,keep,,,85176,,obscure
ogma,Ogma,celtic,patron,9,renowned hero or great beast (Cath Maige Tuired),veteran,reskin,yes,obscure,docs/specs/origins/legends-500.csv,patron: hardest tier (owner 2026-10-07),Ogma,54598,4.74,obscure,keep,,,54598,,obscure
balor,Balor,celtic,patron,10,"major god, great monster or epic hero (Cath Maige Tuired)",knight,reskin,yes,obscure,docs/specs/origins/legends-500.csv,"patron: hardest tier (owner 2026-10-07); giant = knight or executioner body scaled ~2x (owner 2026-10-07), no new family",Balor,99816,5.00,obscure,keep,,,99816,,obscure
macha,Macha,celtic,patron,9,renowned hero or great beast (Noinden Ulad; Tain Bo Cuailnge),shieldmaiden,reskin,yes,obscure,docs/specs/origins/legends-500.csv,patron: hardest tier (owner 2026-10-07),Macha,70620,4.85,obscure,keep,,,70620,,obscure
badb,Badb,celtic,patron,9,renowned hero or great beast (Cath Maige Tuired),executioner,reskin,yes,obscure,docs/specs/origins/legends-500.csv,patron: hardest tier (owner 2026-10-07),Badb,67763,4.83,obscure,keep,,,67763,,obscure
aengus,Aengus,celtic,patron,9,notable figure (Aislinge Oenguso),witch,reskin,yes,obscure,docs/specs/origins/legends-500.csv,patron: hardest tier (owner 2026-10-07),Aengus,47672,4.68,obscure,keep,,,47672,,obscure
gwyn-ap-nudd,Gwyn ap Nudd,celtic,patron,9,"major god, great monster or epic hero (Culhwch and Olwen)",executioner,reskin,yes,obscure,docs/specs/origins/legends-500.csv,patron: hardest tier (owner 2026-10-07),Gwyn ap Nudd,50307,4.70,obscure,keep,,,50307,,obscure
rhiannon,Rhiannon,celtic,patron,9,"notable figure (Mabinogi, First Branch)",witch,reskin,yes,obscure,docs/specs/origins/legends-500.csv,patron: hardest tier (owner 2026-10-07),Rhiannon,98196,4.99,obscure,keep,,,98196,,obscure
bran-the-blessed,Bran the Blessed,celtic,patron,9,"renowned hero or great beast (Mabinogi, Second Branch)",knight,reskin,yes,obscure,docs/specs/origins/legends-500.csv,"patron: hardest tier (owner 2026-10-07); giant = knight or executioner body scaled ~2x (owner 2026-10-07), no new family",Brân the Blessed,45002,4.65,obscure,keep,,,45002,,obscure
gwydion,Gwydion,celtic,patron,9,"renowned hero or great beast (Mabinogi, Fourth Branch)",witch,exact,yes,obscure,docs/specs/origins/legends-500.csv,patron: hardest tier (owner 2026-10-07),Gwydion,35034,4.54,obscure,keep,,,35034,,obscure
lleu-llaw-gyffes,Lleu Llaw Gyffes,celtic,patron,9,"renowned hero or great beast (Mabinogi, Fourth Branch)",veteran,reskin,yes,obscure,docs/specs/origins/legends-500.csv,patron: hardest tier (owner 2026-10-07),Lleu Llaw Gyffes,21983,4.34,obscure,keep,,,21983,,obscure
cernunnos,Cernunnos,celtic,patron,9,"major god, great monster or epic hero (Pillar of the Boatmen, Paris)",witch,reskin,yes,obscure,docs/specs/origins/legends-500.csv,head variant: antlers; patron: hardest tier (owner 2026-10-07),Cernunnos,202324,5.31,known,keep,,,192180,,known
epona,Epona,celtic,patron,9,"notable figure (Juvenal, Satire 8; Gallo-Roman inscriptions)",witch,reskin,yes,obscure,docs/specs/origins/legends-500.csv,patron: hardest tier (owner 2026-10-07),Epona,67863,4.83,obscure,keep,,,67863,,obscure
cu-chulainn,Cu Chulainn,celtic,legend,8,"major god, great monster or epic hero (Tain Bo Cuailnge)",veteran,exact,yes,known,docs/specs/origins/legends-500.csv,,Cú Chulainn,337263,5.53,known,keep,,,322236,,known
fionn-mac-cumhaill,Fionn mac Cumhaill,celtic,legend,8,"major god, great monster or epic hero (Macgnimartha Finn; Acallam na Senorach)",veteran,exact,yes,known,docs/specs/origins/legends-500.csv,,Fionn mac Cumhaill,183862,5.26,known,keep,,,175548,,known
medb,Medb,celtic,legend,7,renowned hero or great beast (Tain Bo Cuailnge),shieldmaiden,exact,yes,known,docs/specs/origins/legends-500.csv,,Medb,125998,5.10,known,keep,,,118032,,known
fergus-mac-roich,Fergus mac Roich,celtic,legend,7,renowned hero or great beast (Tain Bo Cuailnge),veteran,exact,yes,obscure,docs/specs/origins/legends-500.csv,,Fergus mac Róich,17958,4.25,obscure,keep,,,17958,,obscure
ferdiad,Ferdiad,celtic,legend,7,renowned hero or great beast (Tain Bo Cuailnge),veteran,exact,yes,obscure,docs/specs/origins/legends-500.csv,,Ferdiad,23902,4.38,obscure,keep,,,23902,,obscure
oisin,Oisin,celtic,legend,4,"notable figure (Michael Comyn, Laoi Oisin i dTir na nOg)",veteran,reskin,yes,obscure,docs/specs/origins/legends-500.csv,,Oisín,53117,4.73,obscure,keep,,,53117,,obscure
diarmuid-ua-duibhne,Diarmuid Ua Duibhne,celtic,legend,5,notable figure (Toraigheacht Dhiarmada agus Ghrainne),veteran,exact,yes,obscure,docs/specs/origins/legends-500.csv,,Diarmuid Ua Duibhne,51387,4.71,obscure,keep,,,51387,,obscure
conall-cernach,Conall Cernach,celtic,legend,5,notable figure (Tain Bo Cuailnge; Scela Mucce Meic Datho),veteran,exact,yes,obscure,docs/specs/origins/legends-500.csv,,Conall Cernach,18636,4.27,obscure,keep,,,18636,,obscure
ysbaddaden,Ysbaddaden,celtic,legend,5,notable figure (Culhwch and Olwen),knight,reskin,yes,obscure,docs/specs/origins/legends-500.csv,"giant = knight or executioner body scaled ~2x (owner 2026-10-07), no new family",Ysbaddaden,13214,4.12,obscure,keep,,,13214,,obscure
twrch-trwyth,Twrch Trwyth,celtic,legend,6,notable figure (Culhwch and Olwen),quadruped,new,yes,obscure,docs/specs/origins/legends-500.csv,,Twrch Trwyth,17596,4.25,obscure,keep,,,17596,,obscure
banshee,The Banshee,celtic,legend,2,"minor or local figure (Lady Wilde, Ancient Legends of Ireland)",wraith,exact,yes,household,docs/specs/origins/legends-500.csv,body built but held (hold:true): needs un-hold + archetype row,Banshee,399452,5.60,known,keep,,,372984,,known
dullahan,The Dullahan,celtic,legend,4,"notable figure (Thomas Crofton Croker, Fairy Legends of the South of Ir)",executioner,reskin,yes,known,docs/specs/origins/legends-500.csv,,Dullahan,173159,5.24,known,keep,,,161820,,known
puca,The Puca,celtic,legend,2,"minor or local figure (Croker 1825; W. B. Yeats, Fairy and Folk Tales of the I)",goblin,exact,yes,known,docs/specs/origins/legends-500.csv,,Púca,181840,5.26,known,keep,,,179640,,known
king-arthur,King Arthur,arthurian,patron,10,"cosmic/apex (Thomas Malory, Le Morte d'Arthur)",knight,exact,yes,household,docs/specs/origins/legends-500.csv,patron: hardest tier (owner 2026-10-07),King Arthur,1340408,6.13,household,keep,,,1321548,,household
galahad,Galahad,arthurian,legend,8,"major god, great monster or epic hero (Malory; La Queste del Saint Graal)",knight,exact,yes,known,docs/specs/origins/legends-500.csv,,Galahad,217548,5.34,known,keep,,,213492,,known
percival,Percival,arthurian,legend,7,"renowned hero or great beast (Chretien de Troyes, Perceval)",knight,exact,yes,known,docs/specs/origins/legends-500.csv,,Perceval,127137,5.10,known,keep,,,122016,,known
bors,Bors,arthurian,legend,4,"notable figure (Malory, Le Morte d'Arthur)",knight,exact,yes,obscure,docs/specs/origins/legends-500.csv,,Bors,35527,4.55,obscure,keep,,,35527,,obscure
gareth,Gareth,arthurian,legend,2,"minor or local figure (Malory, Le Morte d'Arthur VII)",knight,exact,yes,obscure,docs/specs/origins/legends-500.csv,,Gareth,33182,4.52,obscure,keep,,,33182,,obscure
gaheris,Gaheris,arthurian,legend,2,"minor or local figure (Malory, Le Morte d'Arthur)",knight,exact,yes,obscure,docs/specs/origins/legends-500.csv,,Gaheris,19321,4.29,obscure,keep,,,19321,,obscure
agravain,Agravain,arthurian,legend,1,"minor or local figure (Malory, Le Morte d'Arthur)",knight,exact,yes,obscure,docs/specs/origins/legends-500.csv,,Agravain,32780,4.52,obscure,keep,,,32780,,obscure
kay,Kay,arthurian,legend,2,minor or local figure (Culhwch and Olwen; Malory),knight,exact,yes,obscure,docs/specs/origins/legends-500.csv,,Kay (Arthurian legend),28202,4.45,obscure,keep,,,28202,,obscure
lamorak,Lamorak,arthurian,legend,3,"notable figure (Malory, Le Morte d'Arthur)",knight,exact,yes,obscure,docs/specs/origins/legends-500.csv,,Lamorak,19309,4.29,obscure,keep,,,19309,,obscure
tristan,Tristan,arthurian,legend,6,"renowned hero or great beast (Gottfried von Strassburg, Tristan; Malory)",knight,exact,yes,known,docs/specs/origins/legends-500.csv,,Tristan and Iseult,276267,5.44,known,keep,,shared article with a twin/partner row,264552,,known
isolde,Isolde,arthurian,legend,2,"minor or local figure (Gottfried von Strassburg, Tristan)",witch,reskin,yes,known,docs/specs/origins/legends-500.csv,,Tristan and Iseult,276267,5.44,known,keep,,shared article with a twin/partner row,264552,,known
palamedes,Palamedes,arthurian,legend,3,"notable figure (Malory, Le Morte d'Arthur)",knight,exact,yes,obscure,docs/specs/origins/legends-500.csv,,Palamedes (Arthurian legend),26176,4.42,obscure,keep,,,26176,,obscure
pellinore,Pellinore,arthurian,legend,3,"minor or local figure (Malory, Le Morte d'Arthur)",knight,exact,yes,obscure,docs/specs/origins/legends-500.csv,,King Pellinore,21739,4.34,obscure,keep,,,21739,,obscure
questing-beast,The Questing Beast,arthurian,legend,5,notable figure (Malory; Post-Vulgate Queste),quadruped,new,yes,known,docs/specs/origins/legends-500.csv,,Questing Beast,61909,4.79,obscure,keep,,,61909,,obscure
uther-pendragon,Uther Pendragon,arthurian,legend,6,"notable figure (Geoffrey of Monmouth, Historia Regum Britanniae)",knight,exact,yes,obscure,docs/specs/origins/legends-500.csv,,Uther Pendragon,212298,5.33,known,keep,,,200844,,known
igraine,Igraine,arthurian,legend,1,"minor spirit or supporting character (Geoffrey of Monmouth, Historia Regum Britanniae)",witch,reskin,yes,obscure,docs/specs/origins/legends-500.csv,,Igraine,61758,4.79,obscure,keep,,,61758,,obscure
guinevere,Guinevere,arthurian,legend,2,"minor or local figure (Geoffrey of Monmouth; Chretien, Lancelot)",shieldmaiden,reskin,yes,known,docs/specs/origins/legends-500.csv,,Guinevere,299355,5.48,known,keep,,,294276,,known
lady-of-shalott,The Lady of Shalott,arthurian,legend,1,"minor spirit or supporting character (Alfred Tennyson, The Lady of Shalott)",witch,reskin,yes,known,docs/specs/origins/legends-500.csv,,The Lady of Shalott,156375,5.19,known,keep,,,144192,,known
fisher-king,The Fisher King,arthurian,legend,5,"notable figure (Chretien de Troyes, Perceval)",knight,reskin,yes,obscure,docs/specs/origins/legends-500.csv,,Fisher King,199264,5.30,known,keep,,,190344,,known
green-knight,The Green Knight,arthurian,legend,8,renowned hero or great beast (Sir Gawain and the Green Knight),knight,reskin,yes,known,docs/specs/origins/legends-500.csv,,Green Knight,121205,5.08,known,keep,,,111708,,known
morgause,Morgause,arthurian,legend,3,"notable figure (Malory, Le Morte d'Arthur)",witch,exact,yes,obscure,docs/specs/origins/legends-500.csv,,Morgause,101440,5.01,known,keep,,,97848,,obscure
urien,Urien,arthurian,legend,4,notable figure (Malory; Book of Taliesin),knight,exact,yes,obscure,docs/specs/origins/legends-500.csv,,Urien Rheged,17517,4.24,obscure,keep,,,17517,,obscure
yvain,Yvain,arthurian,legend,5,"notable figure (Chretien de Troyes, Yvain, the Knight of the Lion)",knight,exact,yes,obscure,docs/specs/origins/legends-500.csv,,"Yvain, the Knight of the Lion",24855,4.40,obscure,keep,,,24855,,obscure
erec,Erec,arthurian,legend,3,"minor or local figure (Chretien de Troyes, Erec et Enide)",knight,exact,yes,obscure,docs/specs/origins/legends-500.csv,,Erec and Enide,15292,4.18,obscure,keep,,shared article with a twin/partner row,15292,,obscure
enide,Enide,arthurian,legend,1,"minor spirit or supporting character (Chretien de Troyes, Erec et Enide)",witch,reskin,yes,obscure,docs/specs/origins/legends-500.csv,,Erec and Enide,15292,4.18,obscure,keep,,shared article with a twin/partner row,15292,,obscure
lohengrin,Lohengrin,arthurian,legend,4,"notable figure (Wolfram von Eschenbach, Parzival)",knight,exact,yes,obscure,docs/specs/origins/legends-500.csv,,Lohengrin,36127,4.56,obscure,keep,,,36127,,obscure
klingsor,Klingsor,arthurian,legend,5,"notable figure (Wolfram von Eschenbach, Parzival)",witch,exact,yes,obscure,docs/specs/origins/legends-500.csv,,Klingsor,3168,3.50,obscure,park,"3,168 views/yr (<10,000)",disambiguation page only,3168,,obscure
cundrie,Cundrie,arthurian,legend,1,"minor spirit or supporting character (Wolfram von Eschenbach, Parzival)",witch,exact,yes,obscure,docs/specs/origins/legends-500.csv,,Kundry,1083,3.03,obscure,park,"1,083 views/yr (<10,000)",redirect to Parsifal; views are of redirect title 'Kundry',1083,,obscure
balin,Balin,arthurian,legend,3,"notable figure (Malory, Le Morte d'Arthur II)",knight,exact,yes,obscure,docs/specs/origins/legends-500.csv,,Sir Balin,28767,4.46,obscure,keep,,,28767,,obscure
dinadan,Dinadan,arthurian,legend,1,"minor spirit or supporting character (Malory, Le Morte d'Arthur)",knight,exact,yes,obscure,docs/specs/origins/legends-500.csv,,Dinadan,13694,4.14,obscure,keep,,,13694,,obscure
sir-ironside,Sir Ironside,arthurian,legend,1,"minor spirit or supporting character (Malory, Le Morte d'Arthur VII)",knight,exact,yes,obscure,docs/specs/origins/legends-500.csv,,Red Knight,23526,4.37,obscure,keep,,,23526,,obscure
vortigern,Vortigern,arthurian,legend,3,"minor or local figure (Geoffrey of Monmouth, Historia Regum Britanniae)",knight,reskin,yes,obscure,docs/specs/origins/legends-500.csv,,Vortigern,132159,5.12,known,keep,,,124032,,known
taliesin,Taliesin,arthurian,legend,7,renowned hero or great beast (Hanes Taliesin; Book of Taliesin),witch,exact,yes,obscure,docs/specs/origins/legends-500.csv,,Taliesin,123827,5.09,known,keep,,,95952,,obscure
culhwch,Culhwch,arthurian,legend,3,minor or local figure (Culhwch and Olwen),veteran,exact,yes,obscure,docs/specs/origins/legends-500.csv,,Culhwch and Olwen,27818,4.44,obscure,keep,,,27818,,obscure
count-dracula,Count Dracula,gothic-lit,patron,10,"major god, great monster or epic hero (Bram Stoker, Dracula)",nightborn,exact,yes,household,docs/specs/origins/legends-500.csv,patron: hardest tier (owner 2026-10-07),Count Dracula,551941,5.74,known,keep,,,498672,,known
frankensteins-creature,Frankenstein's Creature,gothic-lit,patron,9,"major god, great monster or epic hero (Mary Shelley, Frankenstein; or, The Modern Prometheus)",pitborn,reskin,yes,household,docs/specs/origins/legends-500.csv,patron: hardest tier (owner 2026-10-07),Frankenstein's monster,725469,5.86,known,keep,,,535392,peak 2025-11 is 5.3x the median month,known
victor-frankenstein,Victor Frankenstein,gothic-lit,legend,3,"minor or local figure (Mary Shelley, Frankenstein)",plaguedoctor,exact,yes,household,docs/specs/origins/legends-500.csv,,Victor Frankenstein,485751,5.69,known,keep,,,303648,peak 2025-11 is 7.5x the median month,known
abraham-van-helsing,Abraham Van Helsing,gothic-lit,legend,5,"notable figure (Bram Stoker, Dracula)",plaguedoctor,reskin,yes,household,docs/specs/origins/legends-500.csv,,Abraham Van Helsing,351276,5.55,known,keep,,,319104,,known
mina-harker,Mina Harker,gothic-lit,legend,1,"minor or local figure (Bram Stoker, Dracula)",witch,reskin,yes,known,docs/specs/origins/legends-500.csv,,Mina Harker,276484,5.44,known,keep,,,254232,,known
lucy-westenra,Lucy Westenra,gothic-lit,legend,1,"minor spirit or supporting character (Bram Stoker, Dracula)",nightborn,reskin,yes,obscure,docs/specs/origins/legends-500.csv,,Lucy Westenra,158740,5.20,known,keep,,,140628,,known
renfield,Renfield,gothic-lit,legend,1,"minor spirit or supporting character (Bram Stoker, Dracula)",goblin,reskin,yes,known,docs/specs/origins/legends-500.csv,,Renfield,136763,5.14,known,keep,,,112668,,known
three-sisters-of-castle-dracula,The Three Sisters of Castle Dracula,gothic-lit,legend,6,"notable figure (Bram Stoker, Dracula)",nightborn,exact,yes,obscure,docs/specs/origins/legends-500.csv,,Brides of Dracula,134909,5.13,known,keep,,,110400,,known
quincey-morris,Quincey Morris,gothic-lit,legend,2,"minor or local figure (Bram Stoker, Dracula)",veteran,reskin,yes,obscure,docs/specs/origins/legends-500.csv,,Quincey Morris,59485,4.77,obscure,keep,,,59485,,obscure
dr-jekyll,Dr Jekyll,gothic-lit,legend,2,"minor or local figure (Robert Louis Stevenson, Strange Case of Dr Jekyll and M)",plaguedoctor,exact,yes,household,docs/specs/origins/legends-500.csv,,Strange Case of Dr Jekyll and Mr Hyde,699307,5.84,known,keep,,shared article with a twin/partner row,660528,,known
mr-hyde,Mr Hyde,gothic-lit,legend,6,"renowned hero or great beast (Robert Louis Stevenson, Strange Case of Dr Jekyll and M)",pitborn,exact,yes,household,docs/specs/origins/legends-500.csv,,Strange Case of Dr Jekyll and Mr Hyde,699307,5.84,known,keep,,shared article with a twin/partner row,660528,,known
dorian-gray,Dorian Gray,gothic-lit,legend,3,"notable figure (Oscar Wilde, The Picture of Dorian Gray)",nightborn,reskin,yes,household,docs/specs/origins/legends-500.csv,,The Picture of Dorian Gray,915263,5.96,known,keep,,,852312,,known
headless-horseman,The Headless Horseman,gothic-lit,legend,7,"renowned hero or great beast (Washington Irving, The Legend of Sleepy Hollow)",executioner,reskin,yes,household,docs/specs/origins/legends-500.csv,,The Legend of Sleepy Hollow,376986,5.58,known,keep,,,262488,peak 2025-10 is 4.6x the median month,known
erik-the-opera-ghost,"Erik, the Opera Ghost",gothic-lit,legend,4,"notable figure (Gaston Leroux, Le Fantome de l'Opera)",nightborn,reskin,yes,known,docs/specs/origins/legends-500.csv,,Erik (The Phantom of the Opera),153090,5.18,known,keep,,,146760,,known
doctor-moreau,Doctor Moreau,gothic-lit,legend,4,"notable figure (H. G. Wells, The Island of Doctor Moreau)",plaguedoctor,reskin,yes,known,docs/specs/origins/legends-500.csv,,The Island of Doctor Moreau,215419,5.33,known,keep,,,208356,,known
griffin-the-invisible-man,"Griffin, the Invisible Man",gothic-lit,legend,3,"notable figure (H. G. Wells, The Invisible Man)",plaguedoctor,reskin,yes,known,docs/specs/origins/legends-500.csv,,The Invisible Man,203805,5.31,known,keep,,,186792,,known
queen-tera,Queen Tera,gothic-lit,legend,7,"renowned hero or great beast (Bram Stoker, The Jewel of Seven Stars)",skeleton,exact,yes,known,docs/specs/origins/legends-500.csv,body built but held (hold:true): needs un-hold + archetype row,The Jewel of Seven Stars,40806,4.61,obscure,keep,,,40806,,obscure
clarimonde,Clarimonde,gothic-lit,legend,5,"notable figure (Theophile Gautier, La Morte amoureuse)",nightborn,exact,yes,obscure,docs/specs/origins/legends-500.csv,,La Morte Amoureuse,10120,4.01,obscure,keep,,,10120,,obscure
viy,Viy,gothic-lit,legend,7,"renowned hero or great beast (Nikolai Gogol, Viy)",knight,reskin,yes,obscure,docs/specs/origins/legends-500.csv,"giant = knight or executioner body scaled ~2x (owner 2026-10-07), no new family",Viy (story),54709,4.74,obscure,keep,,,54709,,obscure
pannochka,Pannochka,gothic-lit,legend,2,"minor or local figure (Nikolai Gogol, Viy)",witch,reskin,yes,obscure,docs/specs/origins/legends-500.csv,,Viy (story),54709,4.74,obscure,keep,,,54709,,obscure
helen-vaughan,Helen Vaughan,gothic-lit,legend,6,"notable figure (Arthur Machen, The Great God Pan)",witch,exact,yes,obscure,docs/specs/origins/legends-500.csv,,The Great God Pan,88992,4.95,obscure,keep,,,88992,,obscure
lady-arabella-march,Lady Arabella March,gothic-lit,legend,3,"notable figure (Bram Stoker, The Lair of the White Worm)",witch,reskin,yes,obscure,docs/specs/origins/legends-500.csv,,The Lair of the White Worm,47180,4.67,obscure,keep,,,47180,,obscure
hound-of-the-baskervilles,The Hound of the Baskervilles,gothic-lit,legend,6,"renowned hero or great beast (Arthur Conan Doyle, The Hound of the Baskervilles)",werewolf,reskin,yes,known,docs/specs/origins/legends-500.csv,body built but held (hold:true): needs un-hold + archetype row; hound proxy on werewolf body (true quadruped would be nicer),The Hound of the Baskervilles,306354,5.49,known,keep,,,306108,,known
horla,The Horla,gothic-lit,legend,6,"notable figure (Guy de Maupassant, Le Horla)",wraith,exact,yes,obscure,docs/specs/origins/legends-500.csv,body built but held (hold:true): needs un-hold + archetype row,The Horla,28918,4.46,obscure,keep,,,28918,,obscure
cthulhu,Cthulhu,gothic-lit,legend,10,"cosmic/apex (H. P. Lovecraft, The Call of Cthulhu (Weird Tales, Feb.)",knight,reskin,yes,household,docs/specs/origins/legends-500.csv,"giant = knight or executioner body scaled ~2x (owner 2026-10-07), no new family",Cthulhu,580726,5.76,known,keep,,,557628,,known
nyarlathotep,Nyarlathotep,gothic-lit,legend,10,"cosmic/apex (H. P. Lovecraft, Nyarlathotep (prose poem, The United A)",executioner,reskin,yes,obscure,docs/specs/origins/legends-500.csv,,Nyarlathotep,197731,5.30,known,keep,,,198192,,known
sweeney-todd,Sweeney Todd,gothic-lit,legend,3,"minor or local figure (The String of Pearls (penny serial, attrib. Rymer and P)",executioner,exact,yes,household,docs/specs/origins/legends-500.csv,,Sweeney Todd,312255,5.49,known,keep,,,276516,,known
carmilla,Carmilla,gothic-lit,patron,9,patron/god: hardest tier; was pit rung 4 in src/legends.ts,nightborn,exact,yes,household,docs/specs/origins/legends-500.csv,existing=yes (src/legends.ts nightborn rung 4); owner patron rule (9-10) conflicts: see md; patron: hardest tier (owner 2026-10-07); old Pit rung 4 superseded by patron rule (Strategy 2026-10-07),Carmilla,439056,5.64,known,keep,,,389184,,known
lord-ruthven,Lord Ruthven,gothic-lit,patron,9,patron/god: hardest tier; was pit rung 2 in src/legends.ts,nightborn,exact,yes,known,docs/specs/origins/legends-500.csv,existing=yes (src/legends.ts nightborn rung 2); owner patron rule (9-10) conflicts: see md; patron: hardest tier (owner 2026-10-07); old Pit rung 2 superseded by patron rule (Strategy 2026-10-07),The Vampyre,150913,5.18,known,keep,,,117912,,known
sir-francis-varney,Sir Francis Varney,gothic-lit,patron,9,patron/god: hardest tier; was pit rung 3 in src/legends.ts,nightborn,exact,yes,known,docs/specs/origins/legends-500.csv,existing=yes (src/legends.ts nightborn rung 3); owner patron rule (9-10) conflicts: see md; patron: hardest tier (owner 2026-10-07); old Pit rung 3 superseded by patron rule (Strategy 2026-10-07),Varney the Vampire,50651,4.70,obscure,keep,,,50651,,obscure
lycaon,Lycaon,werewolf-folklore,patron,9,"renowned hero or great beast (Ovid, Metamorphoses 1)",werewolf,exact,yes,known,docs/specs/origins/legends-500.csv,body built but held (hold:true): needs un-hold + archetype row; patron: hardest tier (owner 2026-10-07),Lycaon (king of Arcadia),77479,4.89,obscure,keep,,,77479,,obscure
bisclavret,Bisclavret,werewolf-folklore,legend,3,"minor or local figure (Marie de France, Bisclavret)",werewolf,exact,yes,obscure,docs/specs/origins/legends-500.csv,body built but held (hold:true): needs un-hold + archetype row,Bisclavret,36153,4.56,obscure,keep,,,36153,,obscure
melion,Melion,werewolf-folklore,legend,2,minor or local figure (Lai de Melion),werewolf,exact,yes,obscure,docs/specs/origins/legends-500.csv,body built but held (hold:true): needs un-hold + archetype row,Melion,8744,3.94,obscure,park,"8,744 views/yr (<10,000)",,8744,,obscure
alphonse-the-werewolf,Alphonse the Werewolf,werewolf-folklore,legend,1,"minor or local figure (Guillaume de Palerne (English: William of Palerne, c. 1)",werewolf,exact,yes,obscure,docs/specs/origins/legends-500.csv,body built but held (hold:true): needs un-hold + archetype row,,0,0.00,obscure,park,no en.wikipedia article,no own en.wikipedia article (generic Werewolf page not counted),0,,obscure
damarchus,Damarchus,werewolf-folklore,legend,1,minor spirit or supporting character (Pausanias 6.8.2),werewolf,exact,yes,obscure,docs/specs/origins/legends-500.csv,body built but held (hold:true): needs un-hold + archetype row,Damarchus,4831,3.68,obscure,park,"4,831 views/yr (<10,000)",,4831,,obscure
neuri,The Neuri,werewolf-folklore,legend,1,minor spirit or supporting character (Herodotus 4.105),werewolf,exact,yes,obscure,docs/specs/origins/legends-500.csv,body built but held (hold:true): needs un-hold + archetype row,Neuri,20005,4.30,obscure,keep,,,20005,,obscure
ulfhednar,The Ulfhednar,werewolf-folklore,legend,4,notable figure (Vatnsdaela saga; Haraldskvaedi),werewolf,exact,yes,obscure,docs/specs/origins/legends-500.csv,body built but held (hold:true): needs un-hold + archetype row,Úlfheðnar,213,2.33,obscure,park,"213 views/yr (<10,000)",shared article (Berserker); views are of redirect title 'Úlfheðnar',213,,obscure
sinfjotli,Sinfjotli,werewolf-folklore,legend,5,notable figure (Volsunga saga 8),werewolf,exact,yes,obscure,docs/specs/origins/legends-500.csv,body built but held (hold:true): needs un-hold + archetype row,Sinfjötli,7707,3.89,obscure,park,"7,707 views/yr (<10,000)",,7707,,obscure
werewolves-of-ossory,The Werewolves of Ossory,werewolf-folklore,legend,2,"minor or local figure (Gerald of Wales, Topographia Hibernica)",werewolf,exact,yes,obscure,docs/specs/origins/legends-500.csv,body built but held (hold:true): needs un-hold + archetype row,,0,0.00,obscure,park,no en.wikipedia article,no own en.wikipedia article (generic Werewolf page not counted),0,,obscure
christina-the-white-wolf-of-the-hartz,"Christina, the White Wolf of the Hartz",werewolf-folklore,legend,1,"minor spirit or supporting character (Frederick Marryat, The Phantom Ship)",werewolf,exact,yes,obscure,docs/specs/origins/legends-500.csv,body built but held (hold:true): needs un-hold + archetype row,The White Wolf of the Hartz Mountains,0,0.00,obscure,park,no en.wikipedia article,no en.wikipedia article,0,,obscure
white-fell,White Fell,werewolf-folklore,legend,2,"minor or local figure (Clemence Housman, The Were-Wolf)",werewolf,exact,yes,obscure,docs/specs/origins/legends-500.csv,body built but held (hold:true): needs un-hold + archetype row,Clemence Housman,5311,3.73,obscure,park,"5,311 views/yr (<10,000)",,5311,,obscure
hugues-the-wer-wolf,Hugues the Wer-Wolf,werewolf-folklore,legend,1,"minor spirit or supporting character (Sutherland Menzies, Hugues the Wer-Wolf)",werewolf,exact,yes,obscure,docs/specs/origins/legends-500.csv,body built but held (hold:true): needs un-hold + archetype row,Hugues the Wer-Wolf,0,0.00,obscure,park,no en.wikipedia article,no en.wikipedia article,0,,obscure
fernand-wagner,Fernand Wagner,werewolf-folklore,legend,2,"minor or local figure (G. W. M. Reynolds, Wagner the Wehr-Wolf)",werewolf,exact,yes,obscure,docs/specs/origins/legends-500.csv,body built but held (hold:true): needs un-hold + archetype row,Wagner the Wehr-wolf,0,0.00,obscure,park,no en.wikipedia article,no en.wikipedia article,0,,obscure
loup-garou,The Loup-garou,werewolf-folklore,legend,3,"minor or local figure (French folklore; Jean Bodin, De la demonomanie des sorc)",werewolf,exact,yes,obscure,docs/specs/origins/legends-500.csv,body built but held (hold:true): needs un-hold + archetype row,Loup-garou,6830,3.83,obscure,park,"6,830 views/yr (<10,000)",shared article (Werewolf); views are of redirect title 'Loup-garou',6830,,obscure
lobisomem,The Lobisomem,werewolf-folklore,legend,3,"minor or local figure (Portuguese folklore; Teofilo Braga, O Povo Portuguez)",werewolf,exact,yes,obscure,docs/specs/origins/legends-500.csv,body built but held (hold:true): needs un-hold + archetype row,Lobisomem,8042,3.91,obscure,park,"8,042 views/yr (<10,000)",,8042,,obscure
koschei-the-deathless,Koschei the Deathless,european-folklore,legend,8,"major god, great monster or epic hero (Alexander Afanasyev, Russian Fairy Tales)",witch,exact,yes,known,docs/specs/origins/legends-500.csv,,Koshchei,103277,5.01,known,keep,,,94032,,obscure
zmey-gorynych,Zmey Gorynych,european-folklore,legend,8,"major god, great monster or epic hero (Russian byliny (Dobrynya and the Serpent); Afanasyev)",serpent,new,yes,known,docs/specs/origins/legends-500.csv,,Slavic dragon,46451,4.67,obscure,keep,,,46451,,obscure
likho,Likho,european-folklore,legend,2,"minor or local figure (Afanasyev, One-Eyed Likho)",goblin,reskin,yes,obscure,docs/specs/origins/legends-500.csv,,Likho,15782,4.20,obscure,keep,,,15782,,obscure
rusalka,The Rusalka,european-folklore,legend,2,"minor or local figure (Alexander Pushkin, Rusalka)",wraith,exact,yes,known,docs/specs/origins/legends-500.csv,body built but held (hold:true): needs un-hold + archetype row,Rusalka,175740,5.24,known,keep,,,164760,,known
leshy,The Leshy,european-folklore,legend,3,"minor or local figure (Alexander Afanasyev, Russian Fairy Tales)",pitborn,reskin,yes,obscure,docs/specs/origins/legends-500.csv,,Leshy,169761,5.23,known,keep,,,165480,,known
vodyanoy,The Vodyanoy,european-folklore,legend,3,"minor or local figure (Alexander Afanasyev, Russian Fairy Tales)",pitborn,reskin,yes,obscure,docs/specs/origins/legends-500.csv,,Vodyanoy,56843,4.75,obscure,keep,,,56843,,obscure
kikimora,The Kikimora,european-folklore,legend,1,"minor spirit or supporting character (Russian folklore; Afanasyev, Poetic Views of the Slavs )",goblin,reskin,yes,known,docs/specs/origins/legends-500.csv,,Kikimora,159002,5.20,known,keep,,,151764,,known
poludnitsa,Poludnitsa,european-folklore,legend,1,"minor spirit or supporting character (Karel Jaromir Erben, Polednice (Kytice))",wraith,exact,yes,obscure,docs/specs/origins/legends-500.csv,body built but held (hold:true): needs un-hold + archetype row,Lady Midday,43921,4.64,obscure,keep,,,43921,,obscure
black-annis,Black Annis,european-folklore,legend,2,"minor or local figure (Charles James Billson, County Folk-Lore: Leicestershire)",witch,exact,yes,obscure,docs/specs/origins/legends-500.csv,,Black Annis,38028,4.58,obscure,keep,,,38028,,obscure
barghest,The Barghest,european-folklore,legend,3,"notable figure (William Henderson, Notes on the Folk-Lore of the Northe)",werewolf,reskin,yes,obscure,docs/specs/origins/legends-500.csv,body built but held (hold:true): needs un-hold + archetype row; hound proxy on werewolf body (true quadruped would be nicer),Barghest,67236,4.83,obscure,keep,,,67236,,obscure
rubezahl,Rubezahl,european-folklore,legend,5,"notable figure (Johann Karl August Musaeus, Volksmaerchen der Deutschen)",pitborn,reskin,yes,obscure,docs/specs/origins/legends-500.csv,,Rübezahl,26040,4.42,obscure,keep,,,26040,,obscure
lorelei,The Lorelei,european-folklore,legend,3,"notable figure (Clemens Brentano, Lore Lay; Heinrich Heine, Die Lorelei)",witch,reskin,yes,known,docs/specs/origins/legends-500.csv,,Lorelei,144302,5.16,known,keep,,,144108,,known
pied-piper-of-hamelin,The Pied Piper of Hamelin,european-folklore,legend,4,"notable figure (Brothers Grimm, Deutsche Sagen; Robert Browning, The Pi)",goblin,reskin,yes,household,docs/specs/origins/legends-500.csv,,Pied Piper of Hamelin,445905,5.65,known,keep,,,444444,,known
bluebeard,Bluebeard,european-folklore,legend,4,"notable figure (Charles Perrault, La Barbe bleue)",executioner,reskin,yes,known,docs/specs/origins/legends-500.csv,,Bluebeard,284783,5.45,known,keep,,,278352,,known
melusine,Melusine,european-folklore,legend,6,"notable figure (Jean d'Arras, Roman de Melusine)",serpent,new,yes,known,docs/specs/origins/legends-500.csv,,Melusine,147984,5.17,known,keep,,,145200,,known
prince-lindworm,Prince Lindworm,european-folklore,legend,2,"minor or local figure (Svend Grundtvig, Gamle danske Minder i Folkemunde)",serpent,new,yes,obscure,docs/specs/origins/legends-500.csv,,King Lindworm,21686,4.34,obscure,keep,,,21686,,obscure
tatzelwurm,The Tatzelwurm,european-folklore,legend,1,"minor or local figure (Johann Jakob Scheuchzer, Itinera per Helvetiae alpinas )",serpent,new,yes,obscure,docs/specs/origins/legends-500.csv,,Tatzelwurm,55862,4.75,obscure,keep,,,55862,,obscure
flying-dutchman,The Flying Dutchman,european-folklore,legend,7,"renowned hero or great beast (George Barrington, A Voyage to Botany Bay; Blackwood's )",wraith,exact,yes,household,docs/specs/origins/legends-500.csv,body built but held (hold:true): needs un-hold + archetype row,Flying Dutchman,366048,5.56,known,keep,,,366960,,known
spring-heeled-jack,Spring-heeled Jack,european-folklore,legend,2,minor or local figure (Victorian broadsides and penny dreadfuls),goblin,exact,yes,known,docs/specs/origins/legends-500.csv,,Spring-heeled Jack,156406,5.19,known,keep,,,142020,,known
herne-the-hunter,Herne the Hunter,european-folklore,legend,6,"renowned hero or great beast (William Shakespeare, The Merry Wives of Windsor)",witch,reskin,yes,obscure,docs/specs/origins/legends-500.csv,head variant: antlers,Herne the Hunter,72200,4.86,obscure,keep,,,72200,,obscure
wild-hunt,The Wild Hunt,european-folklore,legend,8,"major god, great monster or epic hero (Jacob Grimm, Deutsche Mythologie)",wraith,exact,yes,known,docs/specs/origins/legends-500.csv,body built but held (hold:true): needs un-hold + archetype row,Wild Hunt,288904,5.46,known,keep,,,237828,,known
mara,The Mara,european-folklore,legend,1,"minor spirit or supporting character (Snorri, Ynglinga saga 13)",wraith,exact,yes,obscure,docs/specs/origins/legends-500.csv,body built but held (hold:true): needs un-hold + archetype row,Mare (folklore),117239,5.07,known,keep,,,112560,,known
snow-queen,The Snow Queen,european-folklore,legend,7,"renowned hero or great beast (Hans Christian Andersen, The Snow Queen)",witch,reskin,yes,known,docs/specs/origins/legends-500.csv,,The Snow Queen,324721,5.51,known,keep,,,274044,,known
nachzehrer,The Nachzehrer,european-folklore,legend,1,"minor spirit or supporting character (Michael Ranft, De masticatione mortuorum in tumulis)",skeleton,exact,yes,obscure,docs/specs/origins/legends-500.csv,body built but held (hold:true): needs un-hold + archetype row,Nachzehrer,42273,4.63,obscure,keep,,,42273,,obscure
perchta,Perchta,european-folklore,legend,5,"notable figure (Jacob Grimm, Deutsche Mythologie)",witch,reskin,yes,obscure,docs/specs/origins/legends-500.csv,,Perchta,78183,4.89,obscure,keep,,,78183,,obscure
lambton-worm,The Lambton Worm,european-folklore,legend,4,"notable figure (Cuthbert Sharp, The Bishoprick Garland)",serpent,new,yes,obscure,docs/specs/origins/legends-500.csv,,Lambton Worm,67684,4.83,obscure,keep,,,67684,,obscure
laidly-worm-of-spindleston-heugh,The Laidly Worm of Spindleston Heugh,european-folklore,legend,4,"notable figure (Robert Lambe, The Laidley Worm of Spindleston-Heughs (b)",serpent,new,yes,obscure,docs/specs/origins/legends-500.csv,,The Laidly Worm of Spindleston Heugh,7498,3.87,obscure,park,"7,498 views/yr (<10,000)",,7498,,obscure
robin-hood,Robin Hood,european-folklore,legend,5,notable figure (A Gest of Robyn Hode (printed c. 1500); Child Ballads 1),ranger,exact,yes,household,docs/specs/origins/legends-500.csv,body recoverable from git history (src/assets/source/creatures/legionary*.glb or src/assets/source/items/ranger.glb); honourable figure: win line 'You stood against Robin Hood',Robin Hood,1205007,6.08,household,keep,,,1074852,,household
william-tell,William Tell,european-folklore,patron,9,"notable figure (White Book of Sarnen (c. 1470); Friedrich Schiller, Wil)",ranger,exact,yes,known,docs/specs/origins/legends-500.csv,body recoverable from git history (src/assets/source/creatures/legionary*.glb or src/assets/source/items/ranger.glb); honourable figure: win line 'You stood against William Tell'; patron: hardest tier (owner 2026-10-07),William Tell,370064,5.57,known,keep,,,326472,,known
sun-wukong,Sun Wukong,east-asian-folklore,legend,10,"cosmic/apex (Wu Cheng'en (attrib.), Journey to the West)",goblin,reskin,yes,household,docs/specs/origins/legends-500.csv,head variant: monkey,Sun Wukong,632400,5.80,known,keep,,,620508,,known
zhu-bajie,Zhu Bajie,east-asian-folklore,legend,6,"renowned hero or great beast (Wu Cheng'en (attrib.), Journey to the West)",pitborn,reskin,yes,known,docs/specs/origins/legends-500.csv,head variant: boar,Zhu Bajie,109526,5.04,known,keep,,,107424,,known
sha-wujing,Sha Wujing,east-asian-folklore,legend,5,"notable figure (Wu Cheng'en (attrib.), Journey to the West)",pitborn,reskin,yes,known,docs/specs/origins/legends-500.csv,,Sha Wujing,76732,4.88,obscure,keep,,,76732,,obscure
bull-demon-king,The Bull Demon King,east-asian-folklore,legend,8,"major god, great monster or epic hero (Wu Cheng'en (attrib.), Journey to the West)",pitborn,reskin,yes,known,docs/specs/origins/legends-500.csv,head variant: horns,Bull Demon King,35084,4.55,obscure,keep,,,35084,,obscure
princess-iron-fan,Princess Iron Fan,east-asian-folklore,legend,7,"renowned hero or great beast (Wu Cheng'en (attrib.), Journey to the West)",witch,exact,yes,obscure,docs/specs/origins/legends-500.csv,,Princess Iron Fan,33344,4.52,obscure,keep,,,33344,,obscure
red-boy,Red Boy,east-asian-folklore,legend,6,"notable figure (Wu Cheng'en (attrib.), Journey to the West)",goblin,reskin,yes,obscure,docs/specs/origins/legends-500.csv,,Red Boy,33682,4.53,obscure,keep,,,33682,,obscure
white-bone-demon,The White Bone Demon,east-asian-folklore,legend,6,"renowned hero or great beast (Wu Cheng'en (attrib.), Journey to the West 27)",skeleton,exact,yes,obscure,docs/specs/origins/legends-500.csv,body built but held (hold:true): needs un-hold + archetype row,Baigujing,29533,4.47,obscure,keep,,,29533,,obscure
jiangshi,The Jiangshi,east-asian-folklore,legend,2,"minor or local figure (Yuan Mei, Zi Bu Yu; Ji Xiaolan, Yuewei Caotang Biji)",skeleton,exact,yes,known,docs/specs/origins/legends-500.csv,body built but held (hold:true): needs un-hold + archetype row,Jiangshi,209033,5.32,known,keep,,,199056,,known
huli-jing,The Huli Jing,east-asian-folklore,legend,4,"notable figure (Pu Songling, Liaozhai Zhiyi)",witch,reskin,yes,known,docs/specs/origins/legends-500.csv,,Huli jing,34353,4.54,obscure,keep,,,34353,,obscure
nie-xiaoqian,Nie Xiaoqian,east-asian-folklore,legend,1,"minor spirit or supporting character (Pu Songling, Liaozhai Zhiyi)",wraith,exact,yes,obscure,docs/specs/origins/legends-500.csv,body built but held (hold:true): needs un-hold + archetype row,A Chinese Ghost Story,76560,4.88,obscure,keep,,,76560,,obscure
painted-skin,The Painted Skin,east-asian-folklore,legend,1,"minor or local figure (Pu Songling, Liaozhai Zhiyi (Hua Pi))",witch,reskin,yes,obscure,docs/specs/origins/legends-500.csv,,The Painted Skin,16273,4.21,obscure,keep,,,16273,,obscure
bai-suzhen,Bai Suzhen,east-asian-folklore,legend,6,"notable figure (Feng Menglong, Stories to Caution the World)",witch,reskin,yes,obscure,docs/specs/origins/legends-500.csv,,Legend of the White Snake,101542,5.01,known,keep,,,97488,,obscure
oni,The Oni,east-asian-folklore,legend,3,"notable figure (Toriyama Sekien, Gazu Hyakki Yagyo)",pitborn,reskin,yes,known,docs/specs/origins/legends-500.csv,head variant: horns,Oni,335859,5.53,known,keep,,,308328,,known
shuten-doji,Shuten-doji,east-asian-folklore,legend,8,renowned hero or great beast (Oeyama Ekotoba; Otogizoshi),pitborn,reskin,yes,known,docs/specs/origins/legends-500.csv,head variant: horns,Shuten-dōji,82545,4.92,obscure,keep,,,82545,,obscure
ibaraki-doji,Ibaraki-doji,east-asian-folklore,legend,6,"notable figure (Kanze Nobumitsu, Rashomon (Noh))",pitborn,reskin,yes,obscure,docs/specs/origins/legends-500.csv,head variant: horns,Ibaraki-dōji,25659,4.41,obscure,keep,,,25659,,obscure
tamamo-no-mae,Tamamo-no-Mae,east-asian-folklore,legend,8,"major god, great monster or epic hero (Otogizoshi; Sesshoseki (Noh))",witch,reskin,yes,known,docs/specs/origins/legends-500.csv,,Tamamo-no-Mae,91294,4.96,obscure,keep,,,91294,,obscure
kappa,The Kappa,east-asian-folklore,legend,1,"minor spirit or supporting character (Toriyama Sekien, Gazu Hyakki Yagyo; Kunio Yanagita, Ton)",goblin,exact,yes,known,docs/specs/origins/legends-500.csv,head variant: turtle-beak,Kappa (folklore),298497,5.47,known,keep,,,303360,,known
tengu,The Tengu,east-asian-folklore,legend,4,notable figure (Konjaku Monogatarishu),nightborn,reskin,yes,known,docs/specs/origins/legends-500.csv,head variant: crow; wing kit,Tengu,273696,5.44,known,keep,,,270756,,known
yuki-onna,Yuki-onna,east-asian-folklore,legend,4,"notable figure (Lafcadio Hearn, Kwaidan)",wraith,exact,yes,known,docs/specs/origins/legends-500.csv,body built but held (hold:true): needs un-hold + archetype row,Yuki-onna,153593,5.19,known,keep,,,145740,,known
rokurokubi,The Rokurokubi,east-asian-folklore,legend,1,"minor spirit or supporting character (Lafcadio Hearn, Kwaidan)",witch,reskin,yes,obscure,docs/specs/origins/legends-500.csv,,Rokurokubi,73167,4.86,obscure,keep,,,73167,,obscure
jorogumo,The Jorogumo,east-asian-folklore,legend,4,notable figure (Taihei Hyakumonogatari),witch,reskin,yes,obscure,docs/specs/origins/legends-500.csv,,Jorōgumo,103024,5.01,known,keep,,,94752,,obscure
nue,The Nue,east-asian-folklore,legend,5,notable figure (The Tale of the Heike),quadruped,new,yes,obscure,docs/specs/origins/legends-500.csv,,Nue,74659,4.87,obscure,keep,,,74659,,obscure
nure-onna,The Nure-onna,east-asian-folklore,legend,2,"minor or local figure (Toriyama Sekien, Gazu Hyakki Yagyo)",witch,reskin,yes,obscure,docs/specs/origins/legends-500.csv,,Nure-onna,64568,4.81,obscure,keep,,,64568,,obscure
oiwa,Oiwa,east-asian-folklore,legend,2,"minor or local figure (Tsuruya Nanboku IV, Tokaido Yotsuya Kaidan)",wraith,exact,yes,obscure,docs/specs/origins/legends-500.csv,body built but held (hold:true): needs un-hold + archetype row,Yotsuya Kaidan,53560,4.73,obscure,keep,,,53560,,obscure
okiku,Okiku,east-asian-folklore,legend,1,minor spirit or supporting character (Bancho Sarayashiki (joruri 1741; Okamoto Kido 1916)),wraith,exact,yes,obscure,docs/specs/origins/legends-500.csv,body built but held (hold:true): needs un-hold + archetype row,Banchō Sarayashiki,28778,4.46,obscure,keep,,,28778,,obscure
kiyohime,Kiyohime,east-asian-folklore,legend,3,minor or local figure (Konjaku Monogatarishu (Dojo-ji tale)),witch,reskin,yes,obscure,docs/specs/origins/legends-500.csv,,Kiyohime,21947,4.34,obscure,keep,,,21947,,obscure
raiju,The Raiju,east-asian-folklore,legend,3,minor or local figure (Edo-period zuihitsu; Toriyama Sekien),quadruped,new,yes,obscure,docs/specs/origins/legends-500.csv,,Raijū,72150,4.86,obscure,keep,,,72150,,obscure
yamauba,Yamauba,east-asian-folklore,legend,2,"minor or local figure (Yamanba (Noh, attrib. Zeami))",witch,exact,yes,obscure,docs/specs/origins/legends-500.csv,,Yama-uba,45949,4.66,obscure,keep,,,45949,,obscure
benkei,Benkei,east-asian-folklore,legend,8,renowned hero or great beast (Gikeiki),veteran,exact,yes,known,docs/specs/origins/legends-500.csv,honourable figure: win line 'You stood against Benkei',Benkei,153667,5.19,known,keep,,,144924,,known
momotaro,Momotaro,east-asian-folklore,legend,5,"notable figure (Iwaya Sazanami, Nippon Mukashibanashi (1894); Edo akaho)",veteran,exact,yes,known,docs/specs/origins/legends-500.csv,honourable figure: win line 'You stood against Momotaro',Momotarō,142091,5.15,known,keep,,,130620,,known
kintaro,Kintaro,east-asian-folklore,legend,3,"minor or local figure (Iwaya Sazanami, Nippon Mukashibanashi (1894); Edo kabuk)",pitborn,exact,yes,obscure,docs/specs/origins/legends-500.csv,honourable figure: win line 'You stood against Kintaro',Kintarō,129354,5.11,known,keep,,,91080,peak 2025-12 is 3.7x the median month,obscure
ronin,The Ronin,east-asian-folklore,legend,2,"minor or local figure (Japanese history (a class, no named person))",veteran,exact,yes,obscure,docs/specs/origins/legends-500.csv,,Rōnin,218971,5.34,known,keep,,,199140,,known
dokkaebi,The Dokkaebi,east-asian-folklore,legend,2,"minor or local figure (Seong Hyeon, Yongjae Chonghwa)",goblin,exact,yes,obscure,docs/specs/origins/legends-500.csv,,Dokkaebi,123965,5.09,known,keep,,,112272,,known
omukade,Omukade,east-asian-folklore,legend,5,notable figure (Tawara Toda Monogatari (Muromachi otogizoshi)),serpent,new,yes,obscure,docs/specs/origins/legends-500.csv,,Ōmukade,47982,4.68,obscure,keep,,,47982,,obscure
nekomata,The Nekomata,east-asian-folklore,legend,1,"minor or local figure (Yoshida Kenko, Tsurezuregusa 89 (c. 1330))",quadruped,new,yes,obscure,docs/specs/origins/legends-500.csv,,Nekomata,175639,5.24,known,keep,,,123960,peak 2026-06 is 5.7x the median month,known
watanabe-no-tsuna,Watanabe no Tsuna,east-asian-folklore,legend,6,"notable figure (Heike Monogatari, Tsurugi no maki; Kanze Nobumitsu, Ras)",veteran,exact,yes,obscure,docs/specs/origins/legends-500.csv,honourable figure: win line 'You stood against Watanabe no Tsuna',Watanabe no Tsuna,21651,4.34,obscure,keep,,,21651,,obscure
xing-tian,Xing Tian,east-asian-folklore,legend,7,renowned hero or great beast (Shan Hai Jing (Classic of Mountains and Seas)),knight,reskin,yes,obscure,docs/specs/origins/legends-500.csv,"giant = knight or executioner body scaled ~2x (owner 2026-10-07), no new family",Xingtian,32153,4.51,obscure,keep,,,32153,,obscure
hou-yi,Hou Yi,east-asian-folklore,legend,8,"major god, great monster or epic hero (Huainanzi 8)",ranger,exact,yes,obscure,docs/specs/origins/legends-500.csv,body recoverable from git history (src/assets/source/creatures/legionary*.glb or src/assets/source/items/ranger.glb); honourable figure: win line 'You stood against Hou Yi',Hou Yi,70955,4.85,obscure,keep,,,70955,,obscure
wu-song,Wu Song,east-asian-folklore,legend,7,"renowned hero or great beast (Shi Nai'an (attrib.), Water Margin)",veteran,exact,yes,obscure,docs/specs/origins/legends-500.csv,honourable figure: win line 'You stood against Wu Song',Wu Song,27102,4.43,obscure,keep,,,27102,,obscure
la-llorona,La Llorona,latam-folklore,legend,3,"notable figure (Vicente Riva Palacio and Juan de Dios Peza, Tradiciones)",wraith,exact,yes,known,docs/specs/origins/legends-500.csv,body built but held (hold:true): needs un-hold + archetype row,La Llorona,455560,5.66,known,keep,,,404760,,known
chupacabra,The Chupacabra,latam-folklore,legend,2,minor or local figure (Puerto Rican and Latin American folklore),werewolf,reskin,blocked:post-1929 (source published 1929 or later; pre-1929 rule),household,docs/specs/origins/legends-500.csv,body built but held (hold:true): needs un-hold + archetype row; hound proxy on werewolf body (true quadruped would be nicer),Chupacabra,614830,5.79,known,keep,,,562440,,known
el-cadejo,El Cadejo,latam-folklore,legend,3,"minor or local figure (E. A. P. de Guerrero, Games and Popular Superstitions o)",werewolf,reskin,yes,obscure,docs/specs/origins/legends-500.csv,body built but held (hold:true): needs un-hold + archetype row; hound proxy on werewolf body (true quadruped would be nicer),Cadejo,46502,4.67,obscure,keep,,,46502,,obscure
el-sombreron,El Sombreron,latam-folklore,legend,1,minor spirit or supporting character (Guatemalan folklore (oral)),goblin,reskin,blocked:needs-source (first printed source to confirm),obscure,docs/specs/origins/legends-500.csv,,El Sombrerón,16441,4.22,obscure,keep,,,16441,,obscure
la-patasola,La Patasola,latam-folklore,legend,1,minor spirit or supporting character (Colombian folklore (oral)),witch,reskin,blocked:needs-source (first printed source to confirm),obscure,docs/specs/origins/legends-500.csv,,Patasola,15593,4.19,obscure,keep,,,15593,,obscure
la-siguanaba,La Siguanaba,latam-folklore,legend,1,minor or local figure (Central American folklore (oral)),witch,reskin,blocked:needs-source (first printed source to confirm),obscure,docs/specs/origins/legends-500.csv,,Sihuanaba,49019,4.69,obscure,keep,,,49019,,obscure
el-coco,El Coco,latam-folklore,legend,1,minor spirit or supporting character (Iberian and Latin American lullaby folklore; Francisco ),goblin,reskin,yes,obscure,docs/specs/origins/legends-500.csv,,Bogeyman,321408,5.51,known,keep,,,255708,,known
el-familiar,El Familiar,latam-folklore,legend,2,"minor or local figure (Argentine sugar-mill folklore, Tucuman (oral))",quadruped,new,blocked:needs-source (first printed source to confirm),obscure,docs/specs/origins/legends-500.csv,,El Familiar,384,2.58,obscure,park,"384 views/yr (<10,000)",,384,,obscure
la-luz-mala,La Luz Mala,latam-folklore,legend,1,minor spirit or supporting character (Argentine and Uruguayan folklore (oral)),wraith,exact,blocked:needs-source (first printed source to confirm),obscure,docs/specs/origins/legends-500.csv,body built but held (hold:true): needs un-hold + archetype row,Luz Mala,143,2.16,obscure,park,"143 views/yr (<10,000)",shared article (Will-o'-the-wisp); views are of redirect title 'Luz Mala',143,,obscure
el-caleuche,El Caleuche,latam-folklore,legend,4,"notable figure (Julio Vicuna Cifuentes, Mitos y supersticiones recogido)",wraith,exact,yes,obscure,docs/specs/origins/legends-500.csv,body built but held (hold:true): needs un-hold + archetype row,Caleuche,10519,4.02,obscure,keep,,,10519,,obscure
el-imbunche,El Imbunche,latam-folklore,legend,2,"minor or local figure (Julio Vicuna Cifuentes, Mitos y supersticiones (1915))",pitborn,exact,yes,obscure,docs/specs/origins/legends-500.csv,,Imbunche,9366,3.97,obscure,park,"9,366 views/yr (<10,000)",,9366,,obscure
el-lobizon,El Lobizon,latam-folklore,legend,2,"minor or local figure (Juan B. Ambrosetti, Supersticiones y leyendas (1917))",werewolf,exact,yes,obscure,docs/specs/origins/legends-500.csv,body built but held (hold:true): needs un-hold + archetype row,Luison,11752,4.07,obscure,keep,,,11752,,obscure
el-chonchon,El Chonchon,latam-folklore,legend,1,"minor spirit or supporting character (Julio Vicuna Cifuentes, Mitos y supersticiones (1915))",wraith,reskin,yes,obscure,docs/specs/origins/legends-500.csv,body built but held (hold:true): needs un-hold + archetype row; head variant: flying head; wing kit,Chonchon,16305,4.21,obscure,keep,,,16305,,obscure
saci,The Saci,latam-folklore,legend,1,"minor spirit or supporting character (Monteiro Lobato, O Saci-Perere: resultado de um inqueri)",goblin,exact,yes,obscure,docs/specs/origins/legends-500.csv,,Saci (folklore),19451,4.29,obscure,keep,,,19451,,obscure
curupira,The Curupira,latam-folklore,legend,2,"minor or local figure (Jose de Anchieta, letter of 30 May 1560)",goblin,reskin,yes,obscure,docs/specs/origins/legends-500.csv,,Curupira,36523,4.56,obscure,keep,,,36523,,obscure
ashmantle,Ashmantle,fallen-watchers,legend,8,"major god, great monster or epic hero (1 Enoch 8.1 (R. H. Charles translation, 1917))",dwarf,reskin,yes,known,docs/specs/origins/legends-500.csv,"unblocked per owner rulings 2026-10-06 (Watchers incl. Azazel; cite 1 Enoch only, R. H. Charles 1917); Asael is distinct from Azazel; renamed from Azazel (Leviticus 16) (Dom 2026-10-07, overrides the COO keep)",Azazel,387502,5.59,known,keep,,,371052,,known
semjaza,Semjaza,fallen-watchers,legend,8,"major god, great monster or epic hero (1 Enoch 6.3-7, 8.3 (R. H. Charles translation, 1917))",nightborn,reskin,yes,obscure,docs/specs/origins/legends-500.csv,"wing kit; unblocked per owner rulings 2026-10-06 (Watchers incl. Azazel; cite 1 Enoch only, R. H. Charles 1917)",Samyaza,115153,5.06,known,keep,,,114708,,known
arakiba,Arakiba,fallen-watchers,legend,4,"notable figure (1 Enoch 6.7 (R. H. Charles translation, 1917))",nightborn,reskin,yes,obscure,docs/specs/origins/legends-500.csv,"wing kit; unblocked per owner rulings 2026-10-06 (Watchers incl. Azazel; cite 1 Enoch only, R. H. Charles 1917)",Arakiba,0,0.00,obscure,park,no en.wikipedia article,no en.wikipedia article,0,,obscure
kokabiel,Kokabiel,fallen-watchers,legend,5,"notable figure (1 Enoch 6.7, 8.3 (R. H. Charles translation, 1917))",nightborn,reskin,yes,obscure,docs/specs/origins/legends-500.csv,"wing kit; unblocked per owner rulings 2026-10-06 (Watchers incl. Azazel; cite 1 Enoch only, R. H. Charles 1917)",Kokabiel,19851,4.30,obscure,keep,,,19851,,obscure
tamiel,Tamiel,fallen-watchers,legend,3,"notable figure (1 Enoch 6.7 (R. H. Charles translation, 1917))",nightborn,reskin,yes,obscure,docs/specs/origins/legends-500.csv,"wing kit; unblocked per owner rulings 2026-10-06 (Watchers incl. Azazel; cite 1 Enoch only, R. H. Charles 1917)",Tamiel,15170,4.18,obscure,keep,,,15170,,obscure
baraqel,Baraqel,fallen-watchers,legend,3,"minor or local figure (1 Enoch 6.7, 8.3 (R. H. Charles translation, 1917))",nightborn,reskin,yes,obscure,docs/specs/origins/legends-500.csv,"wing kit; unblocked per owner rulings 2026-10-06 (Watchers incl. Azazel; cite 1 Enoch only, R. H. Charles 1917)",Baraqiel,13188,4.12,obscure,keep,,,13188,,obscure
armaros,Armaros,fallen-watchers,legend,3,"minor or local figure (1 Enoch 6.7, 8.3 (R. H. Charles translation, 1917))",nightborn,reskin,yes,obscure,docs/specs/origins/legends-500.csv,"wing kit; unblocked per owner rulings 2026-10-06 (Watchers incl. Azazel; cite 1 Enoch only, R. H. Charles 1917)",Armaros,16831,4.23,obscure,keep,,,16831,,obscure
batarel,Batarel,fallen-watchers,legend,2,"minor or local figure (1 Enoch 6.7 (R. H. Charles translation, 1917))",nightborn,reskin,yes,obscure,docs/specs/origins/legends-500.csv,"wing kit; unblocked per owner rulings 2026-10-06 (Watchers incl. Azazel; cite 1 Enoch only, R. H. Charles 1917)",Batarel,0,0.00,obscure,park,no en.wikipedia article,no en.wikipedia article,0,,obscure
ananel,Ananel,fallen-watchers,legend,2,"minor or local figure (1 Enoch 6.7 (R. H. Charles translation, 1917))",nightborn,reskin,yes,obscure,docs/specs/origins/legends-500.csv,"wing kit; unblocked per owner rulings 2026-10-06 (Watchers incl. Azazel; cite 1 Enoch only, R. H. Charles 1917)",Ananel,0,0.00,obscure,park,no en.wikipedia article,no en.wikipedia article,0,,obscure
zaqiel,Zaqiel,fallen-watchers,legend,2,"minor or local figure (1 Enoch 6.7 (R. H. Charles translation, 1917))",nightborn,reskin,yes,obscure,docs/specs/origins/legends-500.csv,"wing kit; unblocked per owner rulings 2026-10-06 (Watchers incl. Azazel; cite 1 Enoch only, R. H. Charles 1917)",Zaqiel,4374,3.64,obscure,park,"4,374 views/yr (<10,000)",shared article (Book of Enoch); views are of redirect title 'Zaqiel',4374,,obscure
shamsiel,Shamsiel,fallen-watchers,legend,4,"notable figure (1 Enoch 6.7, 8.3 (R. H. Charles translation, 1917))",nightborn,reskin,yes,obscure,docs/specs/origins/legends-500.csv,"wing kit; unblocked per owner rulings 2026-10-06 (Watchers incl. Azazel; cite 1 Enoch only, R. H. Charles 1917)",Shamsiel,13971,4.15,obscure,keep,,,13971,,obscure
satarel,Satarel,fallen-watchers,legend,2,"minor or local figure (1 Enoch 6.7 (R. H. Charles translation, 1917))",nightborn,reskin,yes,obscure,docs/specs/origins/legends-500.csv,"wing kit; unblocked per owner rulings 2026-10-06 (Watchers incl. Azazel; cite 1 Enoch only, R. H. Charles 1917)",Satarel,0,0.00,obscure,park,no en.wikipedia article,no en.wikipedia article,0,,obscure
turel,Turel,fallen-watchers,legend,1,"minor or local figure (1 Enoch 6.7 (R. H. Charles translation, 1917))",nightborn,reskin,yes,obscure,docs/specs/origins/legends-500.csv,"wing kit; unblocked per owner rulings 2026-10-06 (Watchers incl. Azazel; cite 1 Enoch only, R. H. Charles 1917)",Turel,654,2.82,obscure,park,"654 views/yr (<10,000)",shared article (Legacy of Kain); views are of redirect title 'Turel',654,,obscure
jomjael,Jomjael,fallen-watchers,legend,1,"minor spirit or supporting character (1 Enoch 6.7 (R. H. Charles translation, 1917))",nightborn,reskin,yes,obscure,docs/specs/origins/legends-500.csv,"wing kit; unblocked per owner rulings 2026-10-06 (Watchers incl. Azazel; cite 1 Enoch only, R. H. Charles 1917)",Jomjael,0,0.00,obscure,park,no en.wikipedia article,no en.wikipedia article,0,,obscure
araqiel,Araqiel,fallen-watchers,legend,2,"minor or local figure (1 Enoch 8.3 (R. H. Charles translation, 1917))",nightborn,reskin,yes,obscure,docs/specs/origins/legends-500.csv,"wing kit; unblocked per owner rulings 2026-10-06 (Watchers incl. Azazel; cite 1 Enoch only, R. H. Charles 1917)",Arakiel,15250,4.18,obscure,keep,,,15250,,obscure
penemue,Penemue,fallen-watchers,legend,4,"notable figure (1 Enoch 69.8-11 (R. H. Charles translation, 1917))",nightborn,reskin,yes,obscure,docs/specs/origins/legends-500.csv,"wing kit; unblocked per owner rulings 2026-10-06 (Watchers incl. Azazel; cite 1 Enoch only, R. H. Charles 1917)",Penemue,12085,4.08,obscure,keep,,,12085,,obscure
kasdeja,Kasdeja,fallen-watchers,legend,2,"minor or local figure (1 Enoch 69.12 (R. H. Charles translation, 1917))",nightborn,reskin,yes,obscure,docs/specs/origins/legends-500.csv,"wing kit; unblocked per owner rulings 2026-10-06 (Watchers incl. Azazel; cite 1 Enoch only, R. H. Charles 1917)",Kasdeja,530,2.72,obscure,park,"530 views/yr (<10,000)",shared article (Tamiel); views are of redirect title 'Kasdeja'; only 11 months of data,530,,obscure
gadreel,Gadreel,fallen-watchers,legend,4,"notable figure (1 Enoch 69.6 (R. H. Charles translation, 1917))",nightborn,reskin,yes,obscure,docs/specs/origins/legends-500.csv,"wing kit; unblocked per owner rulings 2026-10-06 (Watchers incl. Azazel; cite 1 Enoch only, R. H. Charles 1917)",Gadreel,11704,4.07,obscure,keep,,shared article (Book of Enoch); views are of redirect title 'Gadreel',11704,,obscure
jeqon,Jeqon,fallen-watchers,legend,3,"minor or local figure (1 Enoch 69.4 (R. H. Charles translation, 1917))",nightborn,reskin,yes,obscure,docs/specs/origins/legends-500.csv,"wing kit; unblocked per owner rulings 2026-10-06 (Watchers incl. Azazel; cite 1 Enoch only, R. H. Charles 1917)",Jeqon,0,0.00,obscure,park,no en.wikipedia article,no en.wikipedia article,0,,obscure
asbeel,Asbeel,fallen-watchers,legend,4,"notable figure (1 Enoch 69.5 (R. H. Charles translation, 1917))",nightborn,reskin,yes,obscure,docs/specs/origins/legends-500.csv,"wing kit; unblocked per owner rulings 2026-10-06 (Watchers incl. Azazel; cite 1 Enoch only, R. H. Charles 1917)",Asbeel,8451,3.93,obscure,park,"8,451 views/yr (<10,000)",,8451,,obscure
ramiel,Ramiel,fallen-watchers,legend,5,"notable figure (1 Enoch 6.7 (R. H. Charles translation, 1917))",nightborn,reskin,yes,obscure,docs/specs/origins/legends-500.csv,"wing kit; unblocked per owner rulings 2026-10-06 (Watchers incl. Azazel; cite 1 Enoch only, R. H. Charles 1917)",Ramiel,81016,4.91,obscure,keep,,,81016,,obscure
danel,Danel,fallen-watchers,legend,2,"minor or local figure (1 Enoch 6.7 (R. H. Charles translation, 1917))",nightborn,reskin,yes,obscure,docs/specs/origins/legends-500.csv,"wing kit; unblocked per owner rulings 2026-10-06 (Watchers incl. Azazel; cite 1 Enoch only, R. H. Charles 1917)",Danel,13239,4.12,obscure,keep,,,13239,,obscure
ezeqeel,Ezeqeel,fallen-watchers,legend,3,"minor or local figure (1 Enoch 6.7, 8.3 (R. H. Charles translation, 1917))",nightborn,reskin,yes,obscure,docs/specs/origins/legends-500.csv,"wing kit; unblocked per owner rulings 2026-10-06 (Watchers incl. Azazel; cite 1 Enoch only, R. H. Charles 1917)",Ezeqeel,248,2.39,obscure,park,"248 views/yr (<10,000)",shared article (Chazaqiel); views are of redirect title 'Ezeqeel',248,,obscure
asael,Asael,fallen-watchers,legend,3,"notable figure (1 Enoch 6.7 (R. H. Charles translation, 1917))",nightborn,reskin,yes,obscure,docs/specs/origins/legends-500.csv,"wing kit; unblocked per owner rulings 2026-10-06 (Watchers incl. Azazel; cite 1 Enoch only, R. H. Charles 1917); Asael is distinct from Azazel",Asael,3325,3.52,obscure,park,"3,325 views/yr (<10,000)",,3325,,obscure
sariel,Sariel,fallen-watchers,legend,4,"notable figure (1 Enoch 6.7, 8.3 (R. H. Charles translation, 1917))",nightborn,reskin,yes,obscure,docs/specs/origins/legends-500.csv,"wing kit; unblocked per owner rulings 2026-10-06 (Watchers incl. Azazel; cite 1 Enoch only, R. H. Charles 1917)",Sariel,87259,4.94,obscure,keep,,,87259,,obscure
mulciber,Mulciber,fallen-watchers,legend,6,"renowned hero or great beast (John Milton, Paradise Lost 1.740)",dwarf,reskin,yes,known,docs/specs/origins/legends-500.csv,,Mulciber,3940,3.60,obscure,park,"3,940 views/yr (<10,000)",disambiguation page only,3940,,obscure
cinderwing,Cinderwing,fallen-watchers,legend,1,"minor spirit or supporting character (original (Frankendom), in the spirit of Milton's Paradi)",nightborn,reskin,yes,obscure,docs/specs/origins/legends-500.csv,wing kit,,0,0.00,obscure,park,no en.wikipedia article,no article: invented/pit-only generic,0,,obscure
hollow-herald,The Hollow Herald,fallen-watchers,legend,5,"notable figure (original (Frankendom), in the spirit of Milton's Paradi)",nightborn,reskin,yes,obscure,docs/specs/origins/legends-500.csv,wing kit,,0,0.00,obscure,park,no en.wikipedia article,no article: invented/pit-only generic,0,,obscure
vesperel,Vesperel,fallen-watchers,legend,4,"notable figure (original (Frankendom), in the spirit of Milton's Paradi)",nightborn,reskin,yes,obscure,docs/specs/origins/legends-500.csv,wing kit,,0,0.00,obscure,park,no en.wikipedia article,no article: invented/pit-only generic,0,,obscure
agares,Agares,goetia,legend,7,"renowned hero or great beast (Ars Goetia, Lesser Key of Solomon (S. L. MacGregor Math)",nightborn,reskin,yes,obscure,docs/specs/origins/legends-500.csv,head variant: horns,Agares,69190,4.84,obscure,keep,,,69190,,obscure
vassago,Vassago,goetia,legend,5,"notable figure (Ars Goetia (Mathers ed., 1904))",nightborn,reskin,yes,obscure,docs/specs/origins/legends-500.csv,head variant: horns,Vassago,50425,4.70,obscure,keep,,,50425,,obscure
marbas,Marbas,goetia,legend,4,"notable figure (Ars Goetia (Mathers ed., 1904))",nightborn,reskin,yes,obscure,docs/specs/origins/legends-500.csv,head variant: horns,Marbas,22644,4.35,obscure,keep,,shared article (List of demons in the Ars Goetia); views are of redirect title 'Marbas',22644,,obscure
barbatos,Barbatos,goetia,legend,6,"notable figure (Ars Goetia (Mathers ed., 1904))",nightborn,reskin,yes,obscure,docs/specs/origins/legends-500.csv,head variant: horns,Barbatos,76243,4.88,obscure,keep,,,76243,,obscure
paimon,Paimon,goetia,legend,8,"major god, great monster or epic hero (Ars Goetia (Mathers ed., 1904))",nightborn,reskin,yes,obscure,docs/specs/origins/legends-500.csv,head variant: horns,Paimon,454550,5.66,known,keep,,,444384,,known
beleth,Beleth,goetia,legend,8,"major god, great monster or epic hero (Ars Goetia (Mathers ed., 1904))",nightborn,reskin,yes,obscure,docs/specs/origins/legends-500.csv,head variant: horns,Beleth,62406,4.80,obscure,keep,,,62406,,obscure
eligos,Eligos,goetia,legend,5,"notable figure (Ars Goetia (Mathers ed., 1904))",nightborn,reskin,yes,obscure,docs/specs/origins/legends-500.csv,head variant: horns,Eligos,13202,4.12,obscure,keep,,shared article (List of demons in the Ars Goetia); views are of redirect title 'Eligos',13202,,obscure
glasya-labolas,Glasya-Labolas,goetia,legend,5,"notable figure (Ars Goetia (Mathers ed., 1904))",nightborn,reskin,yes,obscure,docs/specs/origins/legends-500.csv,head variant: dog,Glasya-Labolas,10819,4.03,obscure,keep,,shared article (List of demons in the Ars Goetia); views are of redirect title 'Glasya-Labolas',10819,,obscure
bune,Bune,goetia,legend,5,"notable figure (Ars Goetia (Mathers ed., 1904))",nightborn,reskin,yes,obscure,docs/specs/origins/legends-500.csv,head variant: three heads,Bune,27999,4.45,obscure,keep,,,27999,,obscure
forneus,Forneus,goetia,legend,4,"notable figure (Ars Goetia (Mathers ed., 1904))",nightborn,reskin,yes,obscure,docs/specs/origins/legends-500.csv,head variant: sea-monster,Forneus,16863,4.23,obscure,keep,,,16863,,obscure
furfur,Furfur,goetia,legend,6,"notable figure (Ars Goetia (Mathers ed., 1904))",nightborn,reskin,yes,obscure,docs/specs/origins/legends-500.csv,head variant: stag,Furfur,49329,4.69,obscure,keep,,,49329,,obscure
marchosias,Marchosias,goetia,legend,6,"notable figure (Ars Goetia (Mathers ed., 1904))",nightborn,reskin,yes,obscure,docs/specs/origins/legends-500.csv,head variant: wolf,Marchosias,41533,4.62,obscure,keep,,,41533,,obscure
stolas,Stolas,goetia,legend,4,"notable figure (Ars Goetia (Mathers ed., 1904))",nightborn,reskin,yes,obscure,docs/specs/origins/legends-500.csv,head variant: owl; wing kit,Stolas (demon),57699,4.76,obscure,keep,,shared article (List of demons in the Ars Goetia); views are of redirect title 'Stolas (demon)',57699,,obscure
phenex,Phenex,goetia,legend,5,"notable figure (Ars Goetia (Mathers ed., 1904))",nightborn,reskin,yes,obscure,docs/specs/origins/legends-500.csv,head variant: bird; wing kit,Phenex,29355,4.47,obscure,keep,,,29355,,obscure
halphas,Halphas,goetia,legend,4,"notable figure (Ars Goetia (Mathers ed., 1904))",nightborn,reskin,yes,obscure,docs/specs/origins/legends-500.csv,head variant: stork; wing kit,Halphas,22590,4.35,obscure,keep,,,22590,,obscure
malphas,Malphas,goetia,legend,3,"notable figure (Ars Goetia (Mathers ed., 1904))",nightborn,reskin,yes,obscure,docs/specs/origins/legends-500.csv,head variant: crow; wing kit,Malphas,62325,4.79,obscure,keep,,,62325,,obscure
raum,Raum,goetia,legend,5,"notable figure (Ars Goetia (Mathers ed., 1904))",nightborn,reskin,yes,obscure,docs/specs/origins/legends-500.csv,head variant: crow; wing kit,Raum,34062,4.53,obscure,keep,,,34062,,obscure
focalor,Focalor,goetia,legend,7,"renowned hero or great beast (Ars Goetia (Mathers ed., 1904))",nightborn,reskin,yes,obscure,docs/specs/origins/legends-500.csv,head variant: horns,Focalor,9393,3.97,obscure,park,"9,393 views/yr (<10,000)",shared article (List of demons in the Ars Goetia); views are of redirect title 'Focalor',9393,,obscure
sabnock,Sabnock,goetia,legend,4,"notable figure (Ars Goetia (Mathers ed., 1904))",nightborn,reskin,yes,obscure,docs/specs/origins/legends-500.csv,head variant: lion,Sabnock,6051,3.78,obscure,park,"6,051 views/yr (<10,000)",shared article (List of demons in the Ars Goetia); views are of redirect title 'Sabnock',6051,,obscure
murmur,Murmur,goetia,legend,6,"notable figure (Ars Goetia (Mathers ed., 1904))",nightborn,reskin,yes,obscure,docs/specs/origins/legends-500.csv,head variant: horns,Murmur (demon),11410,4.06,obscure,keep,,shared article (List of demons in the Ars Goetia); views are of redirect title 'Murmur (demon)',11410,,obscure
orobas,Orobas,goetia,legend,5,"notable figure (Ars Goetia (Mathers ed., 1904))",nightborn,reskin,yes,obscure,docs/specs/origins/legends-500.csv,head variant: horse,Orobas,37202,4.57,obscure,keep,,,37202,,obscure
gremory,Gremory,goetia,legend,6,"notable figure (Ars Goetia (Mathers ed., 1904))",nightborn,reskin,yes,obscure,docs/specs/origins/legends-500.csv,head variant: horns,Gremory,14997,4.18,obscure,keep,,shared article (Gemory); views are of redirect title 'Gremory',14997,,obscure
andras,Andras,goetia,legend,6,"renowned hero or great beast (Ars Goetia (Mathers ed., 1904))",nightborn,reskin,yes,obscure,docs/specs/origins/legends-500.csv,head variant: owl; wing kit,Andras,2470,3.39,obscure,park,"2,470 views/yr (<10,000)",shared article (András); views are of redirect title 'Andras',2470,,obscure
dantalion,Dantalion,goetia,legend,3,"notable figure (Ars Goetia (Mathers ed., 1904))",nightborn,reskin,yes,obscure,docs/specs/origins/legends-500.csv,head variant: horns,Dantalion,15430,4.19,obscure,keep,,shared article (List of demons in the Ars Goetia); views are of redirect title 'Dantalion',15430,,obscure
andromalius,Andromalius,goetia,legend,4,"notable figure (Ars Goetia (Mathers ed., 1904))",nightborn,reskin,yes,obscure,docs/specs/origins/legends-500.csv,head variant: horns,Andromalius,13085,4.12,obscure,keep,,shared article (List of demons in the Ars Goetia); views are of redirect title 'Andromalius',13085,,obscure
mephistopheles,Mephistopheles,faustian-pact,legend,8,"major god, great monster or epic hero (Christopher Marlowe, Doctor Faustus; J. W. von Goethe, )",nightborn,reskin,yes,household,docs/specs/origins/legends-500.csv,head variant: horns,Mephistopheles,371456,5.57,known,keep,,,369084,,known
doctor-faustus,Doctor Faustus,faustian-pact,legend,7,"renowned hero or great beast (Historia von D. Johann Fausten (Spies); Marlowe, Doctor)",witch,exact,yes,known,docs/specs/origins/legends-500.csv,,Johann Georg Faust,109625,5.04,known,keep,,,104340,,known
wagner-the-famulus,Wagner the Famulus,faustian-pact,legend,1,"minor spirit or supporting character (J. W. von Goethe, Faust I-II; Wagnerbuch)",witch,reskin,yes,obscure,docs/specs/origins/legends-500.csv,,"Faust, Part One",45685,4.66,obscure,keep,,,45685,,obscure
homunculus,Homunculus,faustian-pact,legend,1,"minor spirit or supporting character (J. W. von Goethe, Faust II)",goblin,reskin,yes,obscure,docs/specs/origins/legends-500.csv,,Homunculus,601252,5.78,known,keep,,"concept page (alchemy and fiction); inflated, excluded from marketing list",439068,peak 2026-02 is 4.1x the median month,known
the-three-brawlers,The Three Brawlers,faustian-pact,legend,3,"notable figure (J. W. von Goethe, Faust II, Act 4)",veteran,reskin,yes,obscure,docs/specs/origins/legends-500.csv,; renamed from The Three Mighty Men (COO legends audit 2026-10-07; 2 Samuel 23),"Faust, Part Two",34301,4.54,obscure,keep,,,34301,,obscure
melmoth-the-wanderer,Melmoth the Wanderer,faustian-pact,legend,6,"notable figure (Charles Maturin, Melmoth the Wanderer)",nightborn,reskin,yes,obscure,docs/specs/origins/legends-500.csv,,Melmoth the Wanderer,44900,4.65,obscure,keep,,,44900,,obscure
peter-schlemihl,Peter Schlemihl,faustian-pact,legend,1,"minor spirit or supporting character (Adelbert von Chamisso, Peter Schlemihls wundersame Gesc)",goblin,reskin,yes,obscure,docs/specs/origins/legends-500.csv,,Peter Schlemihl,9375,3.97,obscure,park,"9,375 views/yr (<10,000)",,9375,,obscure
man-in-the-grey-coat,The Man in the Grey Coat,faustian-pact,legend,4,"notable figure (Adelbert von Chamisso, Peter Schlemihls wundersame Gesc)",nightborn,reskin,yes,obscure,docs/specs/origins/legends-500.csv,,Peter Schlemihl,9375,3.97,obscure,park,"9,375 views/yr (<10,000)",,9375,,obscure
kaspar-the-marksman,Kaspar the Marksman,faustian-pact,legend,1,"minor or local figure (Friedrich Kind, libretto of Weber's Der Freischutz)",veteran,reskin,yes,obscure,docs/specs/origins/legends-500.csv,,Der Freischütz,83666,4.92,obscure,keep,,,83666,,obscure
tom-walker,Tom Walker,faustian-pact,legend,1,"minor spirit or supporting character (Washington Irving, The Devil and Tom Walker)",veteran,reskin,yes,obscure,docs/specs/origins/legends-500.csv,,The Devil and Tom Walker,15082,4.18,obscure,keep,,,15082,,obscure
pride,Pride,faustian-pact,legend,7,"renowned hero or great beast (Christopher Marlowe, Doctor Faustus, Act 2 (pageant of )",knight,reskin,yes,obscure,docs/specs/origins/legends-500.csv,,Pride,199655,5.30,known,keep,,"abstract concept page; inflated, excluded from marketing list",191448,,known
covetousness,Covetousness,faustian-pact,legend,4,"notable figure (Christopher Marlowe, Doctor Faustus, Act 2)",dwarf,reskin,yes,obscure,docs/specs/origins/legends-500.csv,,Greed,125873,5.10,known,keep,,"abstract concept page; inflated, excluded from marketing list",111336,,known
wrath,Wrath,faustian-pact,legend,7,"renowned hero or great beast (Christopher Marlowe, Doctor Faustus, Act 2)",pitborn,reskin,yes,obscure,docs/specs/origins/legends-500.csv,,Anger,121741,5.09,known,keep,,"abstract concept page; inflated, excluded from marketing list",116604,,known
envy,Envy,faustian-pact,legend,4,"notable figure (Christopher Marlowe, Doctor Faustus, Act 2)",witch,reskin,yes,obscure,docs/specs/origins/legends-500.csv,,Envy,150759,5.18,known,keep,,"abstract concept page; inflated, excluded from marketing list",139908,,known
gluttony,Gluttony,faustian-pact,legend,4,"notable figure (Christopher Marlowe, Doctor Faustus, Act 2)",pitborn,reskin,yes,obscure,docs/specs/origins/legends-500.csv,,Gluttony,249313,5.40,known,keep,,"abstract concept page; inflated, excluded from marketing list",218124,,known
sloth,Sloth,faustian-pact,legend,2,"minor or local figure (Christopher Marlowe, Doctor Faustus, Act 2)",goblin,reskin,yes,obscure,docs/specs/origins/legends-500.csv,,Sloth (deadly sin),163558,5.21,known,keep,,"abstract concept page; inflated, excluded from marketing list",166968,,known
counter-signer,The Counter-Signer,faustian-pact,legend,3,"minor or local figure (original (Frankendom), in the spirit of the Faust legen)",executioner,reskin,yes,obscure,docs/specs/origins/legends-500.csv,,,0,0.00,obscure,park,no en.wikipedia article,no article: invented/pit-only generic,0,,obscure
ledger,The Ledger,faustian-pact,legend,2,"minor or local figure (original (Frankendom), in the spirit of the Faust legen)",executioner,reskin,yes,obscure,docs/specs/origins/legends-500.csv,,,0,0.00,obscure,park,no en.wikipedia article,no article: invented/pit-only generic,0,,obscure
julius-caesar,Julius Caesar,historical,legend,8,"major god, great monster or epic hero (Caesar, Commentaries on the Gallic War; Suetonius, Divu)",legionary,exact,yes,household,docs/specs/origins/legends-500.csv,body recoverable from git history (src/assets/source/creatures/legionary*.glb or src/assets/source/items/ranger.glb),Julius Caesar,2805236,6.45,household,keep,,,2788224,,household
scipio-africanus,Scipio Africanus,historical,legend,7,renowned hero or great beast (Livy 26-30; Polybius),legionary,exact,yes,known,docs/specs/origins/legends-500.csv,body recoverable from git history (src/assets/source/creatures/legionary*.glb or src/assets/source/items/ranger.glb),Scipio Africanus,451981,5.66,known,keep,,,422976,,known
cincinnatus,Cincinnatus,historical,legend,4,notable figure (Livy 3.26-29),legionary,exact,yes,known,docs/specs/origins/legends-500.csv,body recoverable from git history (src/assets/source/creatures/legionary*.glb or src/assets/source/items/ranger.glb),Lucius Quinctius Cincinnatus,382624,5.58,known,keep,,,278964,peak 2026-01 is 5.4x the median month,known
vercingetorix,Vercingetorix,historical,legend,6,"renowned hero or great beast (Caesar, Commentaries on the Gallic War 7)",veteran,exact,yes,known,docs/specs/origins/legends-500.csv,,Vercingetorix,298033,5.47,known,keep,,,291240,,known
arminius,Arminius,historical,legend,6,"notable figure (Tacitus, Annals 1-2)",veteran,exact,yes,known,docs/specs/origins/legends-500.csv,,Arminius,275202,5.44,known,keep,,,268248,,known
zenobia,Zenobia,historical,legend,7,"renowned hero or great beast (Historia Augusta, Tyranni Triginta 30)",shieldmaiden,exact,yes,known,docs/specs/origins/legends-500.csv,,Zenobia,257363,5.41,known,keep,,,208164,peak 2026-03 is 3.6x the median month,known
themistocles,Themistocles,historical,legend,5,"notable figure (Herodotus 8; Plutarch, Life of Themistocles)",veteran,exact,yes,obscure,docs/specs/origins/legends-500.csv,,Themistocles,168969,5.23,known,keep,,,159600,,known
pyrrhus-of-epirus,Pyrrhus of Epirus,historical,legend,7,"renowned hero or great beast (Plutarch, Life of Pyrrhus)",veteran,exact,yes,obscure,docs/specs/origins/legends-500.csv,,Pyrrhus of Epirus,343679,5.54,known,keep,,,337632,,known
belisarius,Belisarius,historical,legend,7,"renowned hero or great beast (Procopius, History of the Wars)",legionary,reskin,yes,obscure,docs/specs/origins/legends-500.csv,body recoverable from git history (src/assets/source/creatures/legionary*.glb or src/assets/source/items/ranger.glb),Belisarius,346267,5.54,known,keep,,,338484,,known
harald-hardrada,Harald Hardrada,historical,legend,8,"renowned hero or great beast (Snorri Sturluson, Heimskringla)",veteran,exact,yes,known,docs/specs/origins/legends-500.csv,,Harald Hardrada,621555,5.79,known,keep,,,548304,,known
ivar-the-boneless,Ivar the Boneless,historical,legend,6,renowned hero or great beast (Ragnarssona thattr; Anglo-Saxon Chronicle),veteran,reskin,yes,known,docs/specs/origins/legends-500.csv,,Ivar the Boneless,590356,5.77,known,keep,,,545652,,known
aethelflaed,Aethelflaed,historical,legend,5,notable figure (Anglo-Saxon Chronicle (Mercian Register)),shieldmaiden,exact,yes,obscure,docs/specs/origins/legends-500.csv,,Æthelflæd,190432,5.28,known,keep,,,185520,,known
richard-the-lionheart,Richard the Lionheart,historical,legend,8,"major god, great monster or epic hero (Ambroise, Estoire de la guerre sainte)",knight,exact,yes,known,docs/specs/origins/legends-500.csv,,Richard I of England,1291152,6.11,household,keep,,,1245780,,household
edward-the-black-prince,Edward the Black Prince,historical,legend,7,"renowned hero or great beast (Jean Froissart, Chronicles)",knight,exact,yes,obscure,docs/specs/origins/legends-500.csv,,Edward the Black Prince,739574,5.87,known,keep,,,691152,,known
bertrand-du-guesclin,Bertrand du Guesclin,historical,legend,6,"renowned hero or great beast (Cuvelier, La Chanson de Bertrand du Guesclin)",knight,exact,yes,obscure,docs/specs/origins/legends-500.csv,,Bertrand du Guesclin,47790,4.68,obscure,keep,,,47790,,obscure
jacques-de-lalaing,Jacques de Lalaing,historical,legend,4,notable figure (Livre des faits de Jacques de Lalaing),knight,exact,yes,obscure,docs/specs/origins/legends-500.csv,,Jacques de Lalaing,5133,3.71,obscure,park,"5,133 views/yr (<10,000)",,5133,,obscure
johannes-liechtenauer,Johannes Liechtenauer,historical,legend,5,notable figure (Nuremberg Hausbuch (GNM Hs. 3227a)),veteran,exact,yes,obscure,docs/specs/origins/legends-500.csv,,Johannes Liechtenauer,20892,4.32,obscure,keep,,,20892,,obscure
fiore-dei-liberi,Fiore dei Liberi,historical,legend,5,"notable figure (Fiore dei Liberi, Flos Duellatorum)",veteran,exact,yes,obscure,docs/specs/origins/legends-500.csv,,Fiore dei Liberi,37543,4.57,obscure,keep,,,37543,,obscure
hans-talhoffer,Hans Talhoffer,historical,legend,3,"minor or local figure (Hans Talhoffer, Fechtbuch)",veteran,exact,yes,obscure,docs/specs/origins/legends-500.csv,,Hans Talhoffer,10043,4.00,obscure,keep,,,10043,,obscure
joachim-meyer,Joachim Meyer,historical,legend,3,"minor or local figure (Joachim Meyer, Grundtliche Beschreibung der Kunst des F)",veteran,exact,yes,obscure,docs/specs/origins/legends-500.csv,,Joachim Meyer,16358,4.21,obscure,keep,,,16358,,obscure
george-silver,George Silver,historical,legend,2,"minor or local figure (George Silver, Paradoxes of Defence)",veteran,exact,yes,obscure,docs/specs/origins/legends-500.csv,,George Silver,18214,4.26,obscure,keep,,,18214,,obscure
julie-daubigny,Julie d'Aubigny,historical,legend,4,notable figure (contemporary accounts (La Maupin)),shieldmaiden,reskin,yes,obscure,docs/specs/origins/legends-500.csv,,Julie d'Aubigny,99790,5.00,obscure,keep,,,99790,,obscure
chevalier-de-saint-georges,The Chevalier de Saint-Georges,historical,legend,5,"notable figure (Henry Angelo, Reminiscences)",veteran,exact,yes,obscure,docs/specs/origins/legends-500.csv,,Chevalier de Saint-Georges,162971,5.21,known,keep,,,154452,,known
gotz-von-berlichingen,Gotz von Berlichingen,historical,legend,6,"notable figure (Gotz von Berlichingen, Lebensbeschreibung (pub. 1731))",knight,exact,yes,known,docs/specs/origins/legends-500.csv,,Götz von Berlichingen,179956,5.26,known,keep,,,113040,peak 2026-08 is 5.5x the median month,known
bayard,Bayard,historical,legend,7,"renowned hero or great beast (Le Loyal Serviteur, La tres joyeuse histoire du bon che)",knight,exact,yes,known,docs/specs/origins/legends-500.csv,,"Pierre Terrail, seigneur de Bayard",62768,4.80,obscure,keep,,,62768,,obscure
john-hawkwood,John Hawkwood,historical,legend,4,"notable figure (Jean Froissart, Chronicles; Florentine records)",knight,exact,yes,obscure,docs/specs/origins/legends-500.csv,,John Hawkwood,94348,4.97,obscure,keep,,,94348,,obscure
sasaki-kojiro,Sasaki Kojiro,historical,legend,7,renowned hero or great beast (Nitenki),veteran,exact,yes,known,docs/specs/origins/legends-500.csv,,Sasaki Kojirō,222026,5.35,known,keep,,,188844,,known
tsukahara-bokuden,Tsukahara Bokuden,historical,legend,6,renowned hero or great beast (Koyo Gunkan),veteran,exact,yes,obscure,docs/specs/origins/legends-500.csv,,Tsukahara Bokuden,21675,4.34,obscure,keep,,,21675,,obscure
tomoe-gozen,Tomoe Gozen,historical,legend,7,"renowned hero or great beast (The Tale of the Heike (Heike Monogatari, Kakuichi text))",shieldmaiden,exact,yes,obscure,docs/specs/origins/legends-500.csv,,Tomoe Gozen,106914,5.03,known,keep,,,101268,,known
hattori-hanzo,Hattori Hanzo,historical,legend,6,notable figure (Kansei Choshu Shokafu),goblin,reskin,yes,household,docs/specs/origins/legends-500.csv,,Hattori Hanzō,221312,5.35,known,keep,,,207540,,known
lu-bu,Lu Bu,historical,legend,8,"major god, great monster or epic hero (Chen Shou, Records of the Three Kingdoms)",veteran,exact,yes,known,docs/specs/origins/legends-500.csv,,Lü Bu,347854,5.54,known,keep,,,280884,,known
zhao-yun,Zhao Yun,historical,legend,8,"renowned hero or great beast (Chen Shou, Records of the Three Kingdoms)",veteran,exact,yes,known,docs/specs/origins/legends-500.csv,,Zhao Yun,71193,4.85,obscure,keep,,,71193,,obscure
xiang-yu,Xiang Yu,historical,legend,8,"major god, great monster or epic hero (Sima Qian, Records of the Grand Historian)",veteran,exact,yes,obscure,docs/specs/origins/legends-500.csv,,Xiang Yu,126920,5.10,known,keep,,,105396,,known
grace-omalley,Grace O'Malley,historical,legend,4,notable figure (English State Papers (petition of 1593)),shieldmaiden,exact,yes,obscure,docs/specs/origins/legends-500.csv,,Grace O'Malley,248973,5.40,known,keep,,,237540,,known
anne-bonny,Anne Bonny,historical,legend,2,"minor or local figure (Charles Johnson, A General History of the Pyrates)",shieldmaiden,exact,yes,known,docs/specs/origins/legends-500.csv,,Anne Bonny,430476,5.63,known,keep,,,398904,,known
mary-read,Mary Read,historical,legend,2,"minor or local figure (Charles Johnson, A General History of the Pyrates)",shieldmaiden,exact,yes,known,docs/specs/origins/legends-500.csv,,Mary Read,284929,5.45,known,keep,,,237540,peak 2026-07 is 3.2x the median month,known
edward-teach,Edward Teach,historical,legend,4,"notable figure (Charles Johnson, A General History of the Pyrates)",veteran,reskin,yes,household,docs/specs/origins/legends-500.csv,,Blackbeard,1201878,6.08,household,keep,,,1101588,,household
francis-drake,Francis Drake,historical,legend,5,"notable figure (Richard Hakluyt, Principal Navigations)",veteran,exact,yes,known,docs/specs/origins/legends-500.csv,,Francis Drake,636935,5.80,known,keep,,,625092,,known
ramesses-ii,Ramesses II,historical,legend,8,"major god, great monster or epic hero (Poem of Pentaur (Kadesh inscriptions))",veteran,reskin,yes,known,docs/specs/origins/legends-500.csv,,Ramesses II,1006478,6.00,household,keep,,,980592,,known
hatshepsut,Hatshepsut,historical,legend,6,notable figure (Deir el-Bahari inscriptions),witch,reskin,yes,obscure,docs/specs/origins/legends-500.csv,,Hatshepsut,424118,5.63,known,keep,,,410736,,known
cleopatra-vii,Cleopatra VII,historical,legend,7,"renowned hero or great beast (Plutarch, Life of Antony)",witch,reskin,yes,household,docs/specs/origins/legends-500.csv,,Cleopatra,10945303,7.04,household,keep,,,10401372,,household
bavarian-illuminati,The Bavarian Illuminati,dead-order,legend,1,minor spirit or supporting character (Bavarian electoral edicts against secret societies),witch,reskin,yes,obscure,docs/specs/origins/legends-500.csv,,Illuminati,2256063,6.35,household,keep,,"article is dominated by modern conspiracy interest; inflated, excluded from marketing list",2101200,,household
knights-templar,The Knights Templar,dead-order,legend,8,"renowned hero or great beast (William of Tyre, Historia 12.7; trial records)",knight,exact,yes,obscure,docs/specs/origins/legends-500.csv,,Knights Templar,1096106,6.04,household,keep,,,1080312,,household
vehmic-courts,The Vehmic Courts,dead-order,legend,2,"minor or local figure (Westphalian court records; Goethe, Gotz von Berlichinge)",executioner,exact,yes,obscure,docs/specs/origins/legends-500.csv,,Vehmic court,21798,4.34,obscure,keep,,,21798,,obscure
the-medmenham-monks,The Medmenham Monks,dead-order,legend,1,"minor spirit or supporting character (Horace Walpole, letters; contemporary accounts)",nightborn,reskin,yes,obscure,"Dashwood's club at Medmenham Abbey, 1750s",; renamed from The Hellfire Club (COO legends audit 2026-10-07),Hellfire Club,172404,5.24,known,keep,,,153768,,known
order-of-the-dragon,The Order of the Dragon,dead-order,legend,4,notable figure (Statutes of Sigismund),knight,exact,yes,obscure,docs/specs/origins/legends-500.csv,,Order of the Dragon,149386,5.17,known,keep,,,143820,,known
varangian-guard,The Varangian Guard,dead-order,legend,6,"notable figure (Michael Psellos, Chronographia; Anna Komnene, Alexiad)",veteran,exact,yes,obscure,docs/specs/origins/legends-500.csv,,Varangian Guard,258256,5.41,known,keep,,,257112,,known
praetorian-guard,The Praetorian Guard,dead-order,legend,5,"notable figure (Tacitus, Histories; Suetonius)",legionary,exact,yes,obscure,docs/specs/origins/legends-500.csv,body recoverable from git history (src/assets/source/creatures/legionary*.glb or src/assets/source/items/ranger.glb),Praetorian Guard,304179,5.48,known,keep,,,289536,,known
sacred-band-of-thebes,The Sacred Band of Thebes,dead-order,legend,6,"renowned hero or great beast (Plutarch, Life of Pelopidas 18-19)",veteran,exact,yes,obscure,docs/specs/origins/legends-500.csv,,Sacred Band of Thebes,196208,5.29,known,keep,,,179844,,known
immortals,The Immortals,dead-order,legend,7,renowned hero or great beast (Herodotus 7.83),veteran,reskin,yes,obscure,docs/specs/origins/legends-500.csv,,Immortals (Achaemenid Empire),117253,5.07,known,keep,,,84048,peak 2026-03 is 5.7x the median month,obscure
jomsvikings,The Jomsvikings,dead-order,legend,6,notable figure (Jomsvikinga saga),veteran,exact,yes,obscure,docs/specs/origins/legends-500.csv,,Jomsvikings,82145,4.91,obscure,keep,,,82145,,obscure
hanseatic-league,The Hanseatic League,dead-order,legend,1,minor spirit or supporting character (Hanserezesse (diet records); Lubeck charters),veteran,reskin,yes,obscure,docs/specs/origins/legends-500.csv,,Hanseatic League,464866,5.67,known,keep,,,474324,,known
lodge-of-the-compass,Lodge of the Compass,dead-order,legend,1,minor spirit or supporting character (fictional stand-in (the Freemasons are a living organis),witch,reskin,yes,obscure,docs/specs/origins/legends-500.csv,,,0,0.00,obscure,park,no en.wikipedia article,no article: invented/pit-only generic,0,,obscure
order-of-the-thorned-rose,Order of the Thorned Rose,dead-order,legend,1,minor spirit or supporting character (fictional stand-in (Rosicrucian bodies are living organ),knight,exact,yes,obscure,docs/specs/origins/legends-500.csv,,,0,0.00,obscure,park,no en.wikipedia article,no article: invented/pit-only generic,0,,obscure
kelpie,The Kelpie,scottish,legend,2,"minor or local figure (Robert Burns, Address to the Deil)",quadruped,new,yes,known,docs/specs/origins/legends-500.csv,,Kelpie,263218,5.42,known,keep,,,242940,,known
selkie,The Selkie,scottish,legend,1,"minor spirit or supporting character (Samuel Hibbert, Description of the Shetland Islands)",witch,reskin,yes,known,docs/specs/origins/legends-500.csv,,Selkie,392125,5.59,known,keep,,,369492,,known
nuckelavee,The Nuckelavee,scottish,legend,7,"renowned hero or great beast (Walter Traill Dennison, in The Scottish Antiquary)",quadruped,new,yes,known,docs/specs/origins/legends-500.csv,,Nuckelavee,102348,5.01,known,keep,,,101652,,known
sluagh,The Sluagh,scottish,legend,4,"notable figure (Alexander Carmichael, Carmina Gadelica)",wraith,exact,yes,obscure,docs/specs/origins/legends-500.csv,body built but held (hold:true): needs un-hold + archetype row,Sluagh,39630,4.60,obscure,keep,,,39630,,obscure
cu-sith,The Cu-sith,scottish,legend,4,"notable figure (John Gregorson Campbell, Superstitions of the Highlands)",werewolf,reskin,yes,obscure,docs/specs/origins/legends-500.csv,body built but held (hold:true): needs un-hold + archetype row; hound proxy on werewolf body (true quadruped would be nicer),Cù-sìth,39572,4.60,obscure,keep,,,39572,,obscure
each-uisge,The Each-uisge,scottish,legend,6,"notable figure (John Gregorson Campbell, Superstitions of the Highlands)",quadruped,new,yes,obscure,docs/specs/origins/legends-500.csv,,Each-uisge,31463,4.50,obscure,keep,,,31463,,obscure
tam-lin,Tam Lin,scottish,legend,2,minor or local figure (The Ballad of Tam Lin (Child 39)),knight,reskin,yes,obscure,docs/specs/origins/legends-500.csv,,Tam Lin,93971,4.97,obscure,keep,,,93971,,obscure
william-wallace,William Wallace,scottish,patron,9,"renowned hero or great beast (Blind Harry, The Wallace (c. 1477); the historical reco)",veteran,exact,yes,household,docs/specs/origins/legends-500.csv,patron: hardest tier (owner 2026-10-07),William Wallace,1166437,6.07,household,keep,,,1117080,,household
cailleach,The Cailleach,scottish,patron,9,"major god, great monster or epic hero (Donald A. Mackenzie, Wonder Tales from Scottish Myth an)",witch,exact,yes,obscure,docs/specs/origins/legends-500.csv,patron: hardest tier (owner 2026-10-07),Cailleach,162336,5.21,known,keep,,,142512,,known
blue-men-of-the-minch,The Blue Men of the Minch,scottish,legend,1,"minor or local figure (Donald A. Mackenzie, Wonder Tales from Scottish Myth an)",goblin,reskin,yes,obscure,docs/specs/origins/legends-500.csv,,Blue men of the Minch,18684,4.27,obscure,keep,,,18684,,obscure
baobhan-sith,The Baobhan Sith,scottish,legend,3,"notable figure (John Gregorson Campbell, Superstitions of the Highlands)",nightborn,reskin,yes,obscure,docs/specs/origins/legends-500.csv,,Baobh-shìth,26322,4.42,obscure,keep,,only 11 months of data,26322,,obscure
thomas-the-rhymer,Thomas the Rhymer,scottish,legend,3,minor or local figure (Ballad of Thomas Rhymer (Child 37); romance of Thomas o),witch,exact,yes,obscure,docs/specs/origins/legends-500.csv,,Thomas the Rhymer,31356,4.50,obscure,keep,,,31356,,obscure
robert-the-bruce,Robert the Bruce,scottish,patron,9,"renowned hero or great beast (John Barbour, The Brus (1375))",knight,exact,yes,known,docs/specs/origins/legends-500.csv,honourable figure: win line 'You stood against Robert the Bruce'; patron: hardest tier (owner 2026-10-07),Robert the Bruce,1064919,6.03,household,keep,,,1043928,,household
macbeth,Macbeth,scottish,legend,5,"notable figure (Annals of Tigernach; Marianus Scotus, Chronicon)",veteran,exact,yes,household,docs/specs/origins/legends-500.csv,honourable figure: win line 'You stood against Macbeth',"Macbeth, King of Scotland",207524,5.32,known,keep,,,209352,,known
rob-roy-macgregor,Rob Roy MacGregor,scottish,legend,3,minor or local figure (The Highland Rogue (1723)),veteran,exact,yes,known,docs/specs/origins/legends-500.csv,honourable figure: win line 'You stood against Rob Roy MacGregor',Rob Roy MacGregor,280951,5.45,known,keep,,,228708,,known
black-agnes-of-dunbar,Black Agnes of Dunbar,scottish,legend,2,"minor or local figure (Andrew of Wyntoun, Orygynale Cronykil (c. 1420))",shieldmaiden,exact,yes,obscure,docs/specs/origins/legends-500.csv,honourable figure: win line 'You stood against Black Agnes of Dunbar',"Agnes, Countess of Dunbar",15696,4.20,obscure,keep,,,15696,,obscure
anansi,Anansi,african,legend,7,"renowned hero or great beast (Walter Jekyll, Jamaican Song and Story (1907))",goblin,reskin,yes,known,docs/specs/origins/legends-500.csv,honourable figure: win line 'You stood against Anansi'; legends-rule SKILL.md swapped Anansi out; Dom override 2026-10-06 in legends-500.md puts him in,Anansi,225622,5.35,known,keep,,,227232,,known
sumanguru-kante,Sumanguru Kante,african,legend,7,"renowned hero or great beast (Maurice Delafosse, Haut-Senegal-Niger (1912))",witch,reskin,yes,obscure,docs/specs/origins/legends-500.csv,honourable figure: win line 'You stood against Sumanguru Kante',Soumaoro Kanté,10405,4.02,obscure,keep,,,10405,,obscure
gassire,Gassire,african,legend,3,"minor or local figure (Leo Frobenius, Atlantis VI: Spielmannsgeschichten der S)",veteran,exact,yes,obscure,docs/specs/origins/legends-500.csv,,Gassire's Lute,2255,3.35,obscure,park,"2,255 views/yr (<10,000)",,2255,,obscure
bida-the-serpent-of-wagadu,"Bida, the Serpent of Wagadu",african,legend,6,"renowned hero or great beast (Leo Frobenius, Atlantis VI (1921))",serpent,new,yes,obscure,docs/specs/origins/legends-500.csv,,,0,0.00,obscure,park,no en.wikipedia article,no dedicated en.wikipedia article (legend sits in Ghana Empire),0,,obscure
mwindo,Mwindo,african,legend,4,notable figure (the Mwindo epic (Nyanga oral tradition); our own summar),veteran,exact,yes,obscure,docs/specs/origins/legends-500.csv,honourable figure: win line 'You stood against Mwindo',Mwindo epic,12660,4.10,obscure,keep,,,12660,,obscure
liongo-fumo,Liongo Fumo,african,legend,4,"notable figure (Alice Werner, The Swahili Saga of Liongo Fumo (BSOS, 19)",veteran,exact,yes,obscure,docs/specs/origins/legends-500.csv,honourable figure: win line 'You stood against Liongo Fumo',Fumo Liyongo,3141,3.50,obscure,park,"3,141 views/yr (<10,000)",,3141,,obscure
queen-amina-of-zazzau,Queen Amina of Zazzau,african,legend,6,"notable figure (Muhammad Bello, Infaq al-Maysur (1813))",shieldmaiden,exact,yes,obscure,docs/specs/origins/legends-500.csv,honourable figure: win line 'You stood against Queen Amina of Zazzau',Amina of Zazzau,49287,4.69,obscure,keep,,,49287,,obscure
rostam,Rostam,persian,legend,8,"major god, great monster or epic hero (Ferdowsi, Shahnameh)",veteran,exact,yes,known,docs/specs/origins/legends-500.csv,honourable figure: win line 'You stood against Rostam',Rostam,80944,4.91,obscure,keep,,,80944,,obscure
zahhak,Zahhak,persian,legend,8,"major god, great monster or epic hero (Ferdowsi, Shahnameh)",executioner,reskin,yes,obscure,docs/specs/origins/legends-500.csv,head variant: horns,Zahhak,100965,5.00,known,keep,,,82164,,obscure
simurgh,The Simurgh,persian,legend,8,"major god, great monster or epic hero (Ferdowsi, Shahnameh)",nightborn,reskin,yes,known,docs/specs/origins/legends-500.csv,head variant: great bird; wing kit,Simurgh,141677,5.15,known,keep,,,137244,,known
esfandiyar,Esfandiyar,persian,legend,7,"renowned hero or great beast (Ferdowsi, Shahnameh)",knight,reskin,yes,obscure,docs/specs/origins/legends-500.csv,honourable figure: win line 'You stood against Esfandiyar',Esfandiyār,13417,4.13,obscure,keep,,,13417,,obscure
white-div,The White Div,persian,legend,8,"renowned hero or great beast (Ferdowsi, Shahnameh (Rostam's seven labours))",knight,reskin,yes,obscure,docs/specs/origins/legends-500.csv,"giant = knight or executioner body scaled ~2x (owner 2026-10-07), no new family",Div-e Sepid,9060,3.96,obscure,park,"9,060 views/yr (<10,000)",,9060,,obscure
afrasiab,Afrasiab,persian,legend,6,"renowned hero or great beast (Ferdowsi, Shahnameh)",veteran,exact,yes,obscure,docs/specs/origins/legends-500.csv,,Afrasiab,19674,4.29,obscure,keep,,,19674,,obscure
sohrab,Sohrab,persian,legend,5,"notable figure (Ferdowsi, Shahnameh)",veteran,exact,yes,obscure,docs/specs/origins/legends-500.csv,honourable figure: win line 'You stood against Sohrab',Rostam and Sohrab,23781,4.38,obscure,keep,,,23781,,obscure
kaveh-the-blacksmith,Kaveh the Blacksmith,persian,legend,4,"notable figure (Ferdowsi, Shahnameh)",dwarf,reskin,yes,obscure,docs/specs/origins/legends-500.csv,honourable figure: win line 'You stood against Kaveh the Blacksmith',Kaveh the Blacksmith,31217,4.49,obscure,keep,,,31217,,obscure
gordafarid,Gordafarid,persian,legend,3,"notable figure (Ferdowsi, Shahnameh)",shieldmaiden,exact,yes,obscure,docs/specs/origins/legends-500.csv,honourable figure: win line 'You stood against Gordafarid',Gordafarid,7044,3.85,obscure,park,"7,044 views/yr (<10,000)",,7044,,obscure
rakhsh,Rakhsh,persian,legend,5,"notable figure (Ferdowsi, Shahnameh)",quadruped,new,yes,obscure,docs/specs/origins/legends-500.csv,,Rakhsh,8034,3.90,obscure,park,"8,034 views/yr (<10,000)",,8034,,obscure
zal,Zal,persian,legend,4,"notable figure (Ferdowsi, Shahnameh)",witch,reskin,yes,obscure,docs/specs/origins/legends-500.csv,honourable figure: win line 'You stood against Zal',Zāl,14812,4.17,obscure,keep,,,14812,,obscure
siavash,Siavash,persian,legend,1,"minor or local figure (Ferdowsi, Shahnameh)",veteran,reskin,yes,obscure,docs/specs/origins/legends-500.csv,honourable figure: win line 'You stood against Siavash',Siyâvash,15248,4.18,obscure,keep,,,15248,,obscure
hang-tuah,Hang Tuah,southeast-asian,legend,6,notable figure (Hikayat Hang Tuah (17th-18th c.)),veteran,exact,yes,obscure,docs/specs/origins/legends-500.csv,honourable figure: win line 'You stood against Hang Tuah',Hang Tuah,58706,4.77,obscure,keep,,,58706,,obscure
manas,Manas,central-asian,legend,7,"renowned hero or great beast (Epic of Manas; Wilhelm Radloff, Proben der Volkslittera)",veteran,exact,yes,obscure,docs/specs/origins/legends-500.csv,honourable figure: win line 'You stood against Manas',Epic of Manas,70934,4.85,obscure,keep,,,70934,,obscure
koroglu,Koroglu,central-asian,legend,5,"notable figure (Alexander Chodzko, Specimens of the Popular Poetry of P)",veteran,exact,yes,obscure,docs/specs/origins/legends-500.csv,honourable figure: win line 'You stood against Koroglu',Epic of Koroghlu,14032,4.15,obscure,keep,,,14032,,obscure
atlas-of-atlantis,Atlas of Atlantis,lost-civilisations,legend,8,"renowned hero or great beast (Plato, Critias 114a)",knight,reskin,yes,obscure,docs/specs/origins/legends-500.csv,,Atlas (mythology),571939,5.76,known,keep,,shares the Atlas (mythology) article with the Titan row; likely overstated,519504,,known
myrina,Myrina,lost-civilisations,legend,5,notable figure (Diodorus Siculus 3.54-55),shieldmaiden,exact,yes,obscure,docs/specs/origins/legends-500.csv,,Myrina (Amazon),1974,3.30,obscure,park,"1,974 views/yr (<10,000)",only 7 months of data,1974,,obscure
antiope,Antiope,lost-civilisations,legend,4,"notable figure (Plutarch, Life of Theseus 26-27)",shieldmaiden,exact,yes,obscure,docs/specs/origins/legends-500.csv,,Antiope (Amazon),21080,4.32,obscure,keep,,,21080,,obscure
thalestris,Thalestris,lost-civilisations,legend,3,"minor or local figure (Plutarch, Life of Alexander 46; Diodorus Siculus 17.77)",shieldmaiden,exact,yes,obscure,docs/specs/origins/legends-500.csv,,Thalestris,7448,3.87,obscure,park,"7,448 views/yr (<10,000)",,7448,,obscure
hyperboreans,The Hyperboreans,lost-civilisations,legend,2,"minor or local figure (Herodotus 4.32-36; Pindar, Pythian 10)",witch,reskin,yes,obscure,docs/specs/origins/legends-500.csv,,Hyperborea,382105,5.58,known,keep,,,314592,,known
king-gradlon,King Gradlon,lost-civilisations,legend,2,"minor or local figure (Emile Souvestre, Le Foyer breton (1844); La Villemarque)",knight,exact,yes,obscure,docs/specs/origins/legends-500.csv,,Gradlon,8288,3.92,obscure,park,"8,288 views/yr (<10,000)",,8288,,obscure
dahut,Dahut,lost-civilisations,legend,2,"minor or local figure (Emile Souvestre, Le Foyer breton (1844); La Villemarque)",witch,reskin,yes,obscure,docs/specs/origins/legends-500.csv,,Dahut,9023,3.96,obscure,park,"9,023 views/yr (<10,000)",,9023,,obscure
trevilian-of-lyonesse,Trevilian of Lyonesse,lost-civilisations,legend,1,"minor spirit or supporting character (Richard Carew, The Survey of Cornwall (1602))",knight,exact,yes,obscure,docs/specs/origins/legends-500.csv,,Lyonesse,53146,4.73,obscure,keep,,,53146,,obscure
gilded-chief,The Gilded Chief,lost-civilisations,legend,3,"minor or local figure (Juan Rodriguez Freyle, El Carnero (1636))",veteran,reskin,yes,obscure,docs/specs/origins/legends-500.csv,,El Dorado,477015,5.68,known,keep,,invented name; mapped to the El Dorado legend article,469656,,known
amazons-of-the-river,The Amazons of the River,lost-civilisations,legend,3,"notable figure (Gaspar de Carvajal, Relacion del nuevo descubrimiento d)",shieldmaiden,exact,yes,obscure,docs/specs/origins/legends-500.csv,,Amazons,350239,5.54,known,keep,,,337392,,known
mwenemutapa,The Mwenemutapa,lost-civilisations,legend,5,"notable figure (Joao de Barros, Decadas da Asia I.10 (1552))",veteran,reskin,yes,obscure,docs/specs/origins/legends-500.csv,,Mutapa Empire,44486,4.65,obscure,keep,,,44486,,obscure
moctezuma-ii,Moctezuma II,lost-civilisations,legend,7,"renowned hero or great beast (Bernal Diaz del Castillo (1632); Diego Duran, Historia )",veteran,reskin,yes,obscure,docs/specs/origins/legends-500.csv,honourable figure: win line 'You stood against Moctezuma II',Moctezuma II,343138,5.54,known,keep,,,339888,,known
tlacaelel,Tlacaelel,lost-civilisations,legend,5,"notable figure (Diego Duran, Historia de las Indias de Nueva Espana (15)",witch,reskin,yes,obscure,docs/specs/origins/legends-500.csv,honourable figure: win line 'You stood against Tlacaelel',Tlacaelel,9763,3.99,obscure,park,"9,763 views/yr (<10,000)",,9763,,obscure
eagle-and-jaguar-warriors,The Eagle and Jaguar Warriors,lost-civilisations,legend,3,"notable figure (Bernardino de Sahagun, Florentine Codex (1577); Diego D)",veteran,reskin,yes,obscure,docs/specs/origins/legends-500.csv,,Eagle warrior,33512,4.53,obscure,keep,,,33512,,obscure
nezahualcoyotl,Nezahualcoyotl,lost-civilisations,legend,6,"notable figure (Fernando de Alva Ixtlilxochitl, Historia de la nacion c)",witch,reskin,yes,obscure,docs/specs/origins/legends-500.csv,honourable figure: win line 'You stood against Nezahualcoyotl',Nezahualcoyotl (tlatoani),45662,4.66,obscure,keep,,,45662,,obscure
pakal,Pakal,lost-civilisations,legend,4,notable figure (Palenque Temple of the Inscriptions texts),veteran,reskin,yes,obscure,docs/specs/origins/legends-500.csv,honourable figure: win line 'You stood against Pakal',Kʼinich Janaabʼ Pakal,83136,4.92,obscure,keep,,,83136,,obscure
huitzilopochtli,Huitzilopochtli,lost-civilisations,patron,10,"cosmic/apex (Bernardino de Sahagun, Florentine Codex 3 (1577))",knight,reskin,yes,obscure,docs/specs/origins/legends-500.csv,"patron: hardest tier (owner 2026-10-07); Aztec/Maya unblocked per owner rulings 2026-10-06 (pre-1929 sources only: Florentine Codex, Popol Vuh; no sacrifice gore)",Huītzilōpōchtli,178358,5.25,known,keep,,,183924,,known
quetzalcoatl,Quetzalcoatl,lost-civilisations,patron,10,"cosmic/apex (Bernardino de Sahagun, Florentine Codex 3 (1577))",serpent,new,yes,obscure,docs/specs/origins/legends-500.csv,"patron: hardest tier (owner 2026-10-07); Aztec/Maya unblocked per owner rulings 2026-10-06 (pre-1929 sources only: Florentine Codex, Popol Vuh; no sacrifice gore)",Quetzalcōātl,272893,5.44,known,keep,,,269220,,known
tezcatlipoca,Tezcatlipoca,lost-civilisations,patron,10,"cosmic/apex (Bernardino de Sahagun, Florentine Codex 3 (1577))",nightborn,reskin,yes,obscure,docs/specs/origins/legends-500.csv,"patron: hardest tier (owner 2026-10-07); Aztec/Maya unblocked per owner rulings 2026-10-06 (pre-1929 sources only: Florentine Codex, Popol Vuh; no sacrifice gore)",Tezcatlipoca,186938,5.27,known,keep,,,180924,,known
tlaloc,Tlaloc,lost-civilisations,patron,10,"major god, great monster or epic hero (Bernardino de Sahagun, Florentine Codex 1 (1577))",witch,reskin,yes,obscure,docs/specs/origins/legends-500.csv,"patron: hardest tier (owner 2026-10-07); Aztec/Maya unblocked per owner rulings 2026-10-06 (pre-1929 sources only: Florentine Codex, Popol Vuh; no sacrifice gore)",Tláloc,77399,4.89,obscure,keep,,,77399,,obscure
mictlantecuhtli,Mictlantecuhtli,lost-civilisations,patron,10,"major god, great monster or epic hero (Bernardino de Sahagun, Florentine Codex 3 (1577))",skeleton,exact,yes,obscure,docs/specs/origins/legends-500.csv,"body built but held (hold:true): needs un-hold + archetype row; patron: hardest tier (owner 2026-10-07); Aztec/Maya unblocked per owner rulings 2026-10-06 (pre-1929 sources only: Florentine Codex, Popol Vuh; no sacrifice gore)",Mictlāntēcutli,72273,4.86,obscure,keep,,,72273,,obscure
xipe-totec,Xipe Totec,lost-civilisations,patron,9,"major god, great monster or epic hero (Bernardino de Sahagun, Florentine Codex 1 (1577))",executioner,reskin,yes,obscure,docs/specs/origins/legends-500.csv,"patron: hardest tier (owner 2026-10-07); Aztec/Maya unblocked per owner rulings 2026-10-06 (pre-1929 sources only: Florentine Codex, Popol Vuh; no sacrifice gore)",Xipe Totec,100041,5.00,known,keep,,,92844,,obscure
coatlicue,Coatlicue,lost-civilisations,patron,10,"major god, great monster or epic hero (Bernardino de Sahagun, Florentine Codex 3 (1577))",knight,reskin,yes,obscure,docs/specs/origins/legends-500.csv,"patron: hardest tier (owner 2026-10-07); Aztec/Maya unblocked per owner rulings 2026-10-06 (pre-1929 sources only: Florentine Codex, Popol Vuh; no sacrifice gore); giant = knight or executioner body scaled ~2x (owner 2026-10-07), no new family",Cōātlīcue,41098,4.61,obscure,keep,,,41098,,obscure
chalchiuhtlicue,Chalchiuhtlicue,lost-civilisations,patron,9,"renowned hero or great beast (Bernardino de Sahagun, Florentine Codex 1 (1577))",witch,reskin,yes,obscure,docs/specs/origins/legends-500.csv,"patron: hardest tier (owner 2026-10-07); Aztec/Maya unblocked per owner rulings 2026-10-06 (pre-1929 sources only: Florentine Codex, Popol Vuh; no sacrifice gore)",Chalchiuhtlicue,48370,4.68,obscure,keep,,,48370,,obscure
mictecacihuatl,Mictecacihuatl,lost-civilisations,patron,9,"renowned hero or great beast (Bernardino de Sahagun, Florentine Codex (1577))",skeleton,exact,yes,obscure,docs/specs/origins/legends-500.csv,"body built but held (hold:true): needs un-hold + archetype row; patron: hardest tier (owner 2026-10-07); Aztec/Maya unblocked per owner rulings 2026-10-06 (pre-1929 sources only: Florentine Codex, Popol Vuh; no sacrifice gore)",Mictēcacihuātl,43593,4.64,obscure,keep,,,43593,,obscure
kukulkan,Kukulkan,lost-civilisations,patron,10,"major god, great monster or epic hero (Diego de Landa, Relacion de las cosas de Yucatan (c. 15)",serpent,new,yes,obscure,docs/specs/origins/legends-500.csv,"patron: hardest tier (owner 2026-10-07); Aztec/Maya unblocked per owner rulings 2026-10-06 (pre-1929 sources only: Florentine Codex, Popol Vuh; no sacrifice gore)",Kukulkan,131162,5.12,known,keep,,,128088,,known
itzamna,Itzamna,lost-civilisations,patron,10,"major god, great monster or epic hero (Diego de Landa, Relacion de las cosas de Yucatan (c. 15)",witch,reskin,yes,obscure,docs/specs/origins/legends-500.csv,"patron: hardest tier (owner 2026-10-07); Aztec/Maya unblocked per owner rulings 2026-10-06 (pre-1929 sources only: Florentine Codex, Popol Vuh; no sacrifice gore)",Itzamna,29349,4.47,obscure,keep,,,29349,,obscure
chaac,Chaac,lost-civilisations,patron,9,"major god, great monster or epic hero (Diego de Landa, Relacion de las cosas de Yucatan (c. 15)",knight,reskin,yes,obscure,docs/specs/origins/legends-500.csv,"patron: hardest tier (owner 2026-10-07); Aztec/Maya unblocked per owner rulings 2026-10-06 (pre-1929 sources only: Florentine Codex, Popol Vuh; no sacrifice gore)",Chaac,40188,4.60,obscure,keep,,,40188,,obscure
ix-chel,Ix Chel,lost-civilisations,patron,9,"renowned hero or great beast (Diego de Landa, Relacion de las cosas de Yucatan (c. 15)",witch,reskin,yes,obscure,docs/specs/origins/legends-500.csv,"patron: hardest tier (owner 2026-10-07); Aztec/Maya unblocked per owner rulings 2026-10-06 (pre-1929 sources only: Florentine Codex, Popol Vuh; no sacrifice gore)",Ixchel,51131,4.71,obscure,keep,,,51131,,obscure
hunahpu,Hunahpu,lost-civilisations,legend,7,renowned hero or great beast (Popol Vuh (Ximenez manuscript c. 1701; Brasseur de Bour),veteran,reskin,yes,obscure,docs/specs/origins/legends-500.csv,,Hero Twins,2508,3.40,obscure,park,"2,508 views/yr (<10,000)",shared article (Maya Hero Twins); views are of redirect title 'Hero Twins',2508,,obscure
xbalanque,Xbalanque,lost-civilisations,legend,7,renowned hero or great beast (Popol Vuh (Ximenez manuscript c. 1701; Brasseur de Bour),veteran,reskin,yes,obscure,docs/specs/origins/legends-500.csv,,Hero Twins,2508,3.40,obscure,park,"2,508 views/yr (<10,000)",shared article (Maya Hero Twins); views are of redirect title 'Hero Twins',2508,,obscure
seven-macaw,Seven Macaw,lost-civilisations,legend,5,notable figure (Popol Vuh (Ximenez manuscript c. 1701; Brasseur de Bour),nightborn,reskin,yes,obscure,docs/specs/origins/legends-500.csv,head variant: macaw; wing kit,Vucub Caquix,20325,4.31,obscure,keep,,,20325,,obscure
zipacna,Zipacna,lost-civilisations,legend,7,renowned hero or great beast (Popol Vuh (Ximenez manuscript c. 1701; Brasseur de Bour),knight,reskin,yes,obscure,docs/specs/origins/legends-500.csv,"giant = knight or executioner body scaled ~2x (owner 2026-10-07), no new family",Zipacna,8630,3.94,obscure,park,"8,630 views/yr (<10,000)",,8630,,obscure
one-death,One Death,lost-civilisations,legend,8,renowned hero or great beast (Popol Vuh (Ximenez manuscript c. 1701; Brasseur de Bour),skeleton,exact,yes,obscure,docs/specs/origins/legends-500.csv,body built but held (hold:true): needs un-hold + archetype row,Xibalba,83151,4.92,obscure,keep,,,83151,,obscure
camazotz,Camazotz,lost-civilisations,legend,6,notable figure (Popol Vuh (Ximenez manuscript c. 1701; Brasseur de Bour),nightborn,reskin,yes,obscure,docs/specs/origins/legends-500.csv,head variant: bat; wing kit,Camazotz,104280,5.02,known,keep,,,73716,peak 2025-12 is 3.6x the median month,obscure
ahuizotl,The Ahuizotl,lost-civilisations,legend,4,"notable figure (Bernardino de Sahagun, Florentine Codex 11 (1577))",quadruped,new,yes,obscure,docs/specs/origins/legends-500.csv,,Ahuizotl (mythology),30400,4.48,obscure,keep,,,30400,,obscure
cipactli,Cipactli,lost-civilisations,legend,8,"major god, great monster or epic hero (Histoyre du Mechique (c. 1543))",serpent,new,yes,obscure,docs/specs/origins/legends-500.csv,,Cipactli,43635,4.64,obscure,keep,,,43635,,obscure
tzitzimimeh,The Tzitzimimeh,lost-civilisations,legend,7,"renowned hero or great beast (Bernardino de Sahagun, Florentine Codex 7 (1577))",skeleton,exact,yes,obscure,docs/specs/origins/legends-500.csv,body built but held (hold:true): needs un-hold + archetype row,Tzitzimitl,41948,4.62,obscure,keep,,,41948,,obscure
cihuateteo,The Cihuateteo,lost-civilisations,legend,3,"minor or local figure (Bernardino de Sahagun, Florentine Codex 6 (1577))",wraith,exact,yes,obscure,docs/specs/origins/legends-500.csv,body built but held (hold:true): needs un-hold + archetype row,Cihuateteo,15967,4.20,obscure,keep,,,15967,,obscure
beast-of-gevaudan,The Beast of Gevaudan,cryptids,legend,5,notable figure (French royal reports and gazettes),werewolf,reskin,yes,known,docs/specs/origins/legends-500.csv,body built but held (hold:true): needs un-hold + archetype row; hound proxy on werewolf body (true quadruped would be nicer),Beast of Gévaudan,299442,5.48,known,keep,,,270660,,known
sasquatch,Sasquatch,cryptids,legend,5,"notable figure (J. W. Burns, Introducing B.C.'s Hairy Giants, Maclean's)",pitborn,reskin,blocked:post-1929 (source published 1929 or later; pre-1929 rule),household,docs/specs/origins/legends-500.csv,"borderline: source is Burns, Maclean's April 1929 (not before 1929)",Bigfoot,793466,5.90,known,keep,,,766380,,known
yeti,The Yeti,cryptids,legend,5,"notable figure (B. H. Hodgson, Journal of the Asiatic Society of Bengal)",pitborn,reskin,yes,household,docs/specs/origins/legends-500.csv,,Yeti,436900,5.64,known,keep,,,402996,,known
loch-ness-monster,The Loch Ness Monster,cryptids,legend,6,"notable figure (Adomnan, Life of Columba II.27 (c. 700))",serpent,new,yes,household,docs/specs/origins/legends-500.csv,,Loch Ness Monster,789785,5.90,known,keep,,,780660,,known
jersey-devil,The Jersey Devil,cryptids,legend,3,"minor or local figure (Leeds Devil legend (1735); Philadelphia newspapers, Jan)",nightborn,reskin,yes,known,docs/specs/origins/legends-500.csv,head variant: horse; wing kit,Jersey Devil,309177,5.49,known,keep,,,298968,,known
kraken,The Kraken,cryptids,legend,8,"major god, great monster or epic hero (Erik Pontoppidan, The Natural History of Norway (1752-5)",serpent,new,yes,household,docs/specs/origins/legends-500.csv,,Kraken,495816,5.70,known,keep,,,489108,,known
black-shuck,Black Shuck,cryptids,legend,2,"minor or local figure (E. S. Taylor, Notes and Queries (1850); W. A. Dutt, Hig)",werewolf,reskin,yes,known,docs/specs/origins/legends-500.csv,body built but held (hold:true): needs un-hold + archetype row; hound proxy on werewolf body (true quadruped would be nicer),Black Shuck,101269,5.01,known,keep,,,87000,,obscure
beast-of-bodmin,The Beast of Bodmin,cryptids,legend,1,minor spirit or supporting character (Bodmin Moor sighting reports (1978 on); MAFF investigat),quadruped,new,blocked:post-1929 (source published 1929 or later; pre-1929 rule),obscure,docs/specs/origins/legends-500.csv,,British big cats,64065,4.81,obscure,keep,,,64065,,obscure
mokele-mbembe,Mokele-mbembe,cryptids,legend,4,"notable figure (Lievin-Bonaventure Proyart, Histoire de Loango (1776); )",quadruped,new,yes,obscure,docs/specs/origins/legends-500.csv,,Mokele-mbembe,124016,5.09,known,keep,,,122412,,known
mongolian-death-worm,The Mongolian Death Worm,cryptids,legend,2,"minor or local figure (Roy Chapman Andrews, On the Trail of Ancient Man (1926))",serpent,new,yes,obscure,docs/specs/origins/legends-500.csv,,Mongolian death worm,164051,5.21,known,keep,,,134280,,known
almas,The Almas,cryptids,legend,2,"minor or local figure (Johann Schiltberger, Reisebuch (c. 1427))",pitborn,reskin,yes,obscure,docs/specs/origins/legends-500.csv,,Almas (folklore),39878,4.60,obscure,keep,,,39878,,obscure
mothman,Mothman,cryptids,legend,2,minor or local figure (Point Pleasant Register reports (November 1966)),nightborn,reskin,blocked:post-1929 (source published 1929 or later; pre-1929 rule),known,docs/specs/origins/legends-500.csv,head variant: moth; wing kit,Mothman,526873,5.72,known,keep,,,502404,,known
jackalope,The Jackalope,cryptids,legend,1,"minor spirit or supporting character (Douglas Herrick's mounted specimen, Douglas, Wyoming (1)",quadruped,new,blocked:post-1929 (source published 1929 or later; pre-1929 rule),known,docs/specs/origins/legends-500.csv,,Jackalope,279923,5.45,known,keep,,,256872,,known
great-sea-serpent,The Great Sea Serpent,cryptids,legend,7,"renowned hero or great beast (Hans Egede, A Description of Greenland (1741))",serpent,new,yes,known,docs/specs/origins/legends-500.csv,,Sea serpent,89393,4.95,obscure,keep,,,89393,,obscure
crixus,Crixus,pit-only,legend,1,Pit rung 1 (veteran ladder) in src/legends.ts; rank kept,veteran,exact,yes,known,src/legends.ts,"existing=yes (src/legends.ts veteran rung 1); source: Appian, Civil Wars",Crixus,136050,5.13,known,keep,,,101448,,known
ragnar-lothbrok,Ragnar Lothbrok,pit-only,legend,2,Pit rung 2 (veteran ladder) in src/legends.ts; rank kept,veteran,exact,yes,household,src/legends.ts,existing=yes (src/legends.ts veteran rung 2); source: Ragnar\'s saga,Ragnar Lodbrok,845844,5.93,known,keep,,,812280,,known
beowulf,Beowulf,pit-only,legend,3,Pit rung 3 (veteran ladder) in src/legends.ts; rank kept,veteran,exact,yes,household,src/legends.ts,existing=yes (src/legends.ts veteran rung 3); source: Beowulf,Beowulf,919319,5.96,known,keep,,,918252,,known
spartacus,Spartacus,pit-only,legend,4,Pit rung 4 (veteran ladder) in src/legends.ts; rank kept,veteran,exact,yes,household,src/legends.ts,"existing=yes (src/legends.ts veteran rung 4); source: Plutarch, Crassus",Spartacus,1049607,6.02,household,keep,,,871320,,known
miyamoto-musashi,Miyamoto Musashi,pit-only,legend,5,Pit rung 5 (veteran ladder) in src/legends.ts; rank kept,veteran,exact,yes,household,src/legends.ts,existing=yes (src/legends.ts veteran rung 5); source: Book of Five Rings,Miyamoto Musashi,1002391,6.00,household,keep,,,873816,,known
hannibal,Hannibal,pit-only,legend,6,Pit rung 6 (veteran ladder) in src/legends.ts; rank kept,veteran,exact,yes,household,src/legends.ts,existing=yes (src/legends.ts veteran rung 6); source: Livy; Polybius,Hannibal,1252266,6.10,household,keep,,,1189296,,household
leonidas,Leonidas,pit-only,legend,7,Pit rung 7 (veteran ladder) in src/legends.ts; rank kept,veteran,exact,yes,household,src/legends.ts,"existing=yes (src/legends.ts veteran rung 7); source: Herodotus, Histories 7",Leonidas I,489449,5.69,known,keep,,,442836,,known
ajax,Ajax,pit-only,legend,8,Pit rung 8 (veteran ladder) in src/legends.ts; rank kept,veteran,exact,yes,known,src/legends.ts,"existing=yes (src/legends.ts veteran rung 8); source: Homer, Iliad",Ajax the Great,447840,5.65,known,keep,,,257664,peak 2026-07 is 6.2x the median month,known
alexander,Alexander,pit-only,legend,9,Pit rung 9 (veteran ladder) in src/legends.ts; rank kept,veteran,exact,yes,household,src/legends.ts,"existing=yes (src/legends.ts veteran rung 9); source: Plutarch, Moralia 466D",Alexander the Great,3480116,6.54,household,keep,,,3451620,,household
pit-thrall,Pit Thrall,pit-only,generic,1,Pit rung 1 (pitborn ladder) in src/legends.ts; rank kept,pitborn,exact,yes,obscure,src/legends.ts,existing=yes (src/legends.ts pitborn rung 1); source: generic; generic nameless rung-1 style filler,,0,0.00,obscure,keep,,no article: invented/pit-only generic,0,,obscure
cacus,Cacus,pit-only,legend,2,Pit rung 2 (pitborn ladder) in src/legends.ts; rank kept,pitborn,exact,yes,obscure,src/legends.ts,existing=yes (src/legends.ts pitborn rung 2); source: Roman myth,Cacus,22747,4.36,obscure,keep,,,22747,,obscure
redcap,Redcap,pit-only,legend,3,Pit rung 3 (pitborn ladder) in src/legends.ts; rank kept,pitborn,exact,yes,known,src/legends.ts,existing=yes (src/legends.ts pitborn rung 3); source: Border folklore,Redcap,78587,4.90,obscure,keep,,,78587,,obscure
the-hoe-giant,The Hoe Giant,pit-only,legend,4,Pit rung 4 (pitborn ladder) in src/legends.ts; rank kept,pitborn,exact,yes,obscure,src/legends.ts,"existing=yes (src/legends.ts pitborn rung 4); source: Geoffrey of Monmouth; renamed from Gogmagog (Ezekiel/Quran name) (Dom 2026-10-07, overrides the COO keep)",Gogmagog (giant),49710,4.70,obscure,keep,,,49710,,obscure
grendel,Grendel,pit-only,legend,5,Pit rung 5 (pitborn ladder) in src/legends.ts; rank kept,pitborn,exact,yes,household,src/legends.ts,existing=yes (src/legends.ts pitborn rung 5); source: Beowulf,Grendel,212624,5.33,known,keep,,,206220,,known
polyphemus,Polyphemus,pit-only,legend,6,Pit rung 6 (pitborn ladder) in src/legends.ts; rank kept,pitborn,exact,yes,household,src/legends.ts,existing=yes (src/legends.ts pitborn rung 6); source: Greek myth,Polyphemus,1057728,6.02,household,keep,,,329868,peak 2026-07 is 17.5x the median month,known
humbaba,Humbaba,pit-only,legend,7,Pit rung 7 (pitborn ladder) in src/legends.ts; rank kept,pitborn,exact,yes,known,src/legends.ts,existing=yes (src/legends.ts pitborn rung 7); source: Epic of Gilgamesh,Humbaba,135682,5.13,known,keep,,,102528,,known
antaeus,Antaeus,pit-only,legend,8,Pit rung 8 (pitborn ladder) in src/legends.ts; rank kept,pitborn,exact,yes,known,src/legends.ts,existing=yes (src/legends.ts pitborn rung 8); source: Greek myth,Antaeus,52810,4.72,obscure,keep,,,52810,,obscure
surtr,Surtr,pit-only,legend,9,Pit rung 9 (pitborn ladder) in src/legends.ts; rank kept,pitborn,exact,yes,known,src/legends.ts,existing=yes (src/legends.ts pitborn rung 9); source: Norse myth,Surtr,129458,5.11,known,keep,,,128028,,known
typhon,Typhon,pit-only,legend,10,Pit rung 10 (pitborn ladder) in src/legends.ts; rank kept,pitborn,exact,yes,known,src/legends.ts,existing=yes (src/legends.ts pitborn rung 10); source: Greek myth,Typhon,446769,5.65,known,keep,,,425028,,known
sewer-imp,Sewer Imp,pit-only,generic,1,Pit rung 1 (goblin ladder) in src/legends.ts; rank kept,goblin,exact,yes,obscure,src/legends.ts,existing=yes (src/legends.ts goblin rung 1); source: generic; generic nameless rung-1 style filler,,0,0.00,obscure,keep,,no article: invented/pit-only generic,0,,obscure
kobold,Kobold,pit-only,legend,2,Pit rung 2 (goblin ladder) in src/legends.ts; rank kept,goblin,exact,yes,known,src/legends.ts,existing=yes (src/legends.ts goblin rung 2); source: German folklore,Kobold,174395,5.24,known,keep,,,167484,,known
nain-rouge,Nain Rouge,pit-only,legend,3,Pit rung 3 (goblin ladder) in src/legends.ts; rank kept,goblin,exact,yes,obscure,src/legends.ts,existing=yes (src/legends.ts goblin rung 3); source: French-Canadian folklore,Nain Rouge,29696,4.47,obscure,keep,,,29696,,obscure
andvari,Andvari,pit-only,legend,4,Pit rung 4 (goblin ladder) in src/legends.ts; rank kept,goblin,exact,yes,obscure,src/legends.ts,existing=yes (src/legends.ts goblin rung 4); source: Norse myth,Andvari,17873,4.25,obscure,keep,,,17873,,obscure
alberich,Alberich,pit-only,legend,5,Pit rung 5 (goblin ladder) in src/legends.ts; rank kept,goblin,exact,yes,known,src/legends.ts,existing=yes (src/legends.ts goblin rung 5); source: Nibelungenlied,Alberich,38625,4.59,obscure,keep,,,38625,,obscure
rumpelstiltskin,Rumpelstiltskin,pit-only,legend,6,Pit rung 6 (goblin ladder) in src/legends.ts; rank kept,goblin,exact,yes,household,src/legends.ts,existing=yes (src/legends.ts goblin rung 6); source: Grimm,Rumpelstiltskin,519793,5.72,known,keep,,,491928,,known
puck,Puck,pit-only,legend,7,Pit rung 7 (goblin ladder) in src/legends.ts; rank kept,goblin,exact,yes,household,src/legends.ts,existing=yes (src/legends.ts goblin rung 7); source: English folklore,Puck (folklore),103705,5.02,known,keep,,,92448,,obscure
reynard-the-fox,Reynard the Fox,pit-only,legend,8,Pit rung 8 (goblin ladder) in src/legends.ts; rank kept,goblin,exact,yes,known,src/legends.ts,existing=yes (src/legends.ts goblin rung 8); source: Medieval European fable,Reynard the Fox,129646,5.11,known,keep,,,118488,,known
hermes,Hermes,pit-only,patron,9,patron/god: hardest tier; was pit rung 9 in src/legends.ts,goblin,exact,yes,household,src/legends.ts + docs/specs/origins/legends-500.csv,existing=yes (src/legends.ts goblin rung 9); source: Greek myth; merged duplicate: alias Mercury (Roman/Greek twin; CSV row `mercury` folded in); patron: hardest tier (owner 2026-10-07); old Pit rung 9 superseded by patron rule (Strategy 2026-10-07); Pit-only god treated as patron for ranking (Strategy),Hermes,1032326,6.01,household,keep,,,941412,,known
night-page,Night Page,pit-only,generic,1,Pit rung 1 (nightborn ladder) in src/legends.ts; rank kept,nightborn,exact,yes,obscure,src/legends.ts,existing=yes (src/legends.ts nightborn rung 1); source: generic; generic nameless rung-1 style filler,,0,0.00,obscure,keep,,no article: invented/pit-only generic,0,,obscure
erlking,Erlking,pit-only,legend,5,Pit rung 5 (nightborn ladder) in src/legends.ts; rank kept,nightborn,exact,yes,known,src/legends.ts,existing=yes (src/legends.ts nightborn rung 5); source: German folklore,Erlking,72858,4.86,obscure,keep,,,72858,,obscure
mordred,Mordred,pit-only,legend,6,Pit rung 6 (nightborn ladder) in src/legends.ts; rank kept,nightborn,exact,yes,known,src/legends.ts,existing=yes (src/legends.ts nightborn rung 6); source: Arthurian legend,Mordred,275109,5.44,known,keep,,,269568,,known
vlad,Vlad,pit-only,legend,7,Pit rung 7 (nightborn ladder) in src/legends.ts; rank kept,nightborn,exact,yes,household,src/legends.ts,"existing=yes (src/legends.ts nightborn rung 7); source: Chalkokondyles, Histories; historical Vlad III: Dom exception 2026-09-28; distinct from Count Dracula",Vlad the Impaler,2168253,6.34,household,keep,,,1990404,,household
nyx,Nyx,pit-only,patron,10,patron/god: hardest tier; was pit rung 10 in src/legends.ts,nightborn,exact,yes,household,src/legends.ts,existing=yes (src/legends.ts nightborn rung 10); source: Greek myth; patron: hardest tier (owner 2026-10-07); old Pit rung 10 superseded by patron rule (Strategy 2026-10-07); Pit-only god treated as patron for ranking (Strategy),Nyx,485035,5.69,known,keep,,,481272,,known
headsman,Headsman,pit-only,generic,1,Pit rung 1 (executioner ladder) in src/legends.ts; rank kept,executioner,exact,yes,obscure,src/legends.ts,existing=yes (src/legends.ts executioner rung 1); source: generic; generic nameless rung-1 style filler,,0,0.00,obscure,keep,,no article: invented/pit-only generic,0,,obscure
ankou,Ankou,pit-only,legend,2,Pit rung 2 (executioner ladder) in src/legends.ts; rank kept,executioner,exact,yes,known,src/legends.ts,existing=yes (src/legends.ts executioner rung 2); source: Breton folklore,Ankou,38290,4.58,obscure,keep,,,38290,,obscure
charon,Charon,pit-only,legend,3,Pit rung 3 (executioner ladder) in src/legends.ts; rank kept,executioner,exact,yes,household,src/legends.ts,existing=yes (src/legends.ts executioner rung 3); source: Greek myth,Charon,283914,5.45,known,keep,,,275328,,known
arawn,Arawn,pit-only,legend,8,Pit rung 8 (executioner ladder) in src/legends.ts; rank kept,executioner,exact,yes,known,src/legends.ts,existing=yes (src/legends.ts executioner rung 8); source: Welsh myth,Arawn,44300,4.65,obscure,keep,,,44300,,obscure
thanatos,Thanatos,pit-only,patron,10,patron/god: hardest tier; was pit rung 9 in src/legends.ts,executioner,exact,yes,known,src/legends.ts,existing=yes (src/legends.ts executioner rung 9); source: Greek myth; patron: hardest tier (owner 2026-10-07); old Pit rung 9 superseded by patron rule (Strategy 2026-10-07); Pit-only god treated as patron for ranking (Strategy),Thanatos,288099,5.46,known,keep,,,279600,,known
the-reaper,The Reaper,pit-only,legend,10,Pit rung 10 (executioner ladder) in src/legends.ts; rank kept,executioner,exact,yes,household,src/legends.ts,existing=yes (src/legends.ts executioner rung 10); source: European folklore,Grim Reaper,205634,5.31,known,keep,,generic Pit name (rung 10 Death) mapped to the Grim Reaper article,190476,,known
forge-hand,Forge Hand,pit-only,generic,1,Pit rung 1 (dwarf ladder) in src/legends.ts; rank kept,dwarf,exact,yes,obscure,src/legends.ts,existing=yes (src/legends.ts dwarf rung 1); source: generic; generic nameless rung-1 style filler,,0,0.00,obscure,keep,,no article: invented/pit-only generic,0,,obscure
alvis,Alvis,pit-only,legend,2,Pit rung 2 (dwarf ladder) in src/legends.ts; rank kept,dwarf,exact,yes,obscure,src/legends.ts,existing=yes (src/legends.ts dwarf rung 2); source: Norse myth,Alvíss,6592,3.82,obscure,park,"6,592 views/yr (<10,000)",,6592,,obscure
regin,Regin,pit-only,legend,3,Pit rung 3 (dwarf ladder) in src/legends.ts; rank kept,dwarf,exact,yes,obscure,src/legends.ts,existing=yes (src/legends.ts dwarf rung 3); source: Volsunga saga,Regin,14145,4.15,obscure,keep,,,14145,,obscure
brokkr,Brokkr,pit-only,legend,4,Pit rung 4 (dwarf ladder) in src/legends.ts; rank kept,dwarf,exact,yes,obscure,src/legends.ts,existing=yes (src/legends.ts dwarf rung 4); source: Norse myth,Brokkr,33786,4.53,obscure,keep,,,33786,,obscure
eitri,Eitri,pit-only,legend,5,Pit rung 5 (dwarf ladder) in src/legends.ts; rank kept,dwarf,exact,yes,obscure,src/legends.ts,existing=yes (src/legends.ts dwarf rung 5); source: Norse myth,Brokkr,33786,4.53,obscure,keep,,,33786,,obscure
wayland,Wayland,pit-only,legend,6,Pit rung 6 (dwarf ladder) in src/legends.ts; rank kept,dwarf,exact,yes,known,src/legends.ts,existing=yes (src/legends.ts dwarf rung 6); source: Germanic legend,Wayland the Smith,62687,4.80,obscure,keep,,,62687,,obscure
kothar-wa-khasis,Kothar-wa-Khasis,pit-only,legend,7,Pit rung 7 (dwarf ladder) in src/legends.ts; rank kept,dwarf,exact,yes,obscure,src/legends.ts,existing=yes (src/legends.ts dwarf rung 7); source: Canaanite myth,Kothar-wa-Khasis,23313,4.37,obscure,keep,,,23313,,obscure
goibniu,Goibniu,pit-only,legend,9,Pit rung 9 (dwarf ladder) in src/legends.ts; rank kept,dwarf,exact,yes,obscure,src/legends.ts,existing=yes (src/legends.ts dwarf rung 9); source: Cath Maige Tuired,Goibniu,23774,4.38,obscure,keep,,,23774,,obscure
hephaestus,Hephaestus,pit-only,patron,10,patron/god: hardest tier; was pit rung 10 in src/legends.ts,dwarf,exact,yes,household,src/legends.ts + docs/specs/origins/legends-500.csv,existing=yes (src/legends.ts dwarf rung 10); source: Greek myth; merged duplicate: alias Vulcan (Roman/Greek twin; CSV row `vulcan` folded in); patron: hardest tier (owner 2026-10-07); old Pit rung 10 superseded by patron rule (Strategy 2026-10-07); Pit-only god treated as patron for ranking (Strategy),Hephaestus,606882,5.78,known,keep,,,572736,,known
shield-girl,Shield Girl,pit-only,generic,1,Pit rung 1 (shieldmaiden ladder) in src/legends.ts; rank kept,shieldmaiden,exact,yes,obscure,src/legends.ts,existing=yes (src/legends.ts shieldmaiden rung 1); source: generic; generic nameless rung-1 style filler,,0,0.00,obscure,keep,,no article: invented/pit-only generic,0,,obscure
hervor,Hervor,pit-only,legend,2,Pit rung 2 (shieldmaiden ladder) in src/legends.ts; rank kept,shieldmaiden,exact,yes,obscure,src/legends.ts,existing=yes (src/legends.ts shieldmaiden rung 2); source: Hervarar saga,Hervor,13312,4.12,obscure,keep,,,13312,,obscure
camilla,Camilla,pit-only,legend,3,Pit rung 3 (shieldmaiden ladder) in src/legends.ts; rank kept,shieldmaiden,exact,yes,known,src/legends.ts,existing=yes (src/legends.ts shieldmaiden rung 3); source: Aeneid,Camilla (mythology),21143,4.33,obscure,keep,,,21143,,obscure
lagertha,Lagertha,pit-only,legend,4,Pit rung 4 (shieldmaiden ladder) in src/legends.ts; rank kept,shieldmaiden,exact,yes,household,src/legends.ts,existing=yes (src/legends.ts shieldmaiden rung 4); source: Saxo Grammaticus,Lagertha,132166,5.12,known,keep,,,129780,,known
boudica,Boudica,pit-only,legend,5,Pit rung 5 (shieldmaiden ladder) in src/legends.ts; rank kept,shieldmaiden,exact,yes,household,src/legends.ts,existing=yes (src/legends.ts shieldmaiden rung 5); source: British history,Boudica,917893,5.96,known,keep,,,911040,,known
tomyris,Tomyris,pit-only,legend,6,Pit rung 6 (shieldmaiden ladder) in src/legends.ts; rank kept,shieldmaiden,exact,yes,known,src/legends.ts,existing=yes (src/legends.ts shieldmaiden rung 6); source: Herodotus,Tomyris,143764,5.16,known,keep,,,140052,,known
scathach,Scathach,pit-only,legend,7,Pit rung 7 (shieldmaiden ladder) in src/legends.ts; rank kept,shieldmaiden,exact,yes,known,src/legends.ts,existing=yes (src/legends.ts shieldmaiden rung 7); source: Irish myth,Scáthach,99488,5.00,obscure,keep,,,99488,,obscure
penthesilea,Penthesilea,pit-only,legend,8,Pit rung 8 (shieldmaiden ladder) in src/legends.ts; rank kept,shieldmaiden,exact,yes,known,src/legends.ts,existing=yes (src/legends.ts shieldmaiden rung 8); source: Greek myth,Penthesilea,78879,4.90,obscure,keep,,,78879,,obscure
brynhildr,Brynhildr,pit-only,legend,9,Pit rung 9 (shieldmaiden ladder) in src/legends.ts; rank kept,shieldmaiden,exact,yes,known,src/legends.ts,existing=yes (src/legends.ts shieldmaiden rung 9); source: Norse myth,Brunhild,154240,5.19,known,keep,,,141756,,known
athena,Athena,pit-only,patron,10,patron/god: hardest tier; was pit rung 10 in src/legends.ts,shieldmaiden,exact,yes,household,src/legends.ts + docs/specs/origins/legends-500.csv,existing=yes (src/legends.ts shieldmaiden rung 10); source: Greek myth; merged duplicate: alias Minerva (Roman/Greek twin; CSV row `minerva` folded in); patron: hardest tier (owner 2026-10-07); old Pit rung 10 superseded by patron rule (Strategy 2026-10-07); Pit-only god treated as patron for ranking (Strategy),Athena,1398513,6.15,household,keep,,,1142664,,household
beak,Beak,pit-only,generic,1,Pit rung 1 (plaguedoctor ladder) in src/legends.ts; rank kept,plaguedoctor,exact,yes,obscure,src/legends.ts,existing=yes (src/legends.ts plaguedoctor rung 1); source: generic; generic nameless rung-1 style filler,,0,0.00,obscure,keep,,no article: invented/pit-only generic,0,,obscure
paracelsus,Paracelsus,pit-only,legend,2,Pit rung 2 (plaguedoctor ladder) in src/legends.ts; rank kept,plaguedoctor,exact,yes,known,src/legends.ts,existing=yes (src/legends.ts plaguedoctor rung 2); source: 16th-century history,Paracelsus,310197,5.49,known,keep,,,307968,,known
locusta,Locusta,pit-only,legend,3,Pit rung 3 (plaguedoctor ladder) in src/legends.ts; rank kept,plaguedoctor,exact,yes,obscure,src/legends.ts,existing=yes (src/legends.ts plaguedoctor rung 3); source: Roman history,Locusta,32791,4.52,obscure,keep,,,32791,,obscure
medea,Medea,pit-only,legend,4,Pit rung 4 (plaguedoctor ladder) in src/legends.ts; rank kept,plaguedoctor,exact,yes,household,src/legends.ts,existing=yes (src/legends.ts plaguedoctor rung 4); source: Greek myth,Medea,484240,5.69,known,keep,,,447132,,known
circe,Circe,pit-only,legend,5,Pit rung 5 (plaguedoctor ladder) in src/legends.ts; rank kept,plaguedoctor,exact,yes,household,src/legends.ts,existing=yes (src/legends.ts plaguedoctor rung 5); source: The Odyssey,Circe,1796233,6.25,household,keep,,,856164,peak 2026-07 is 9.7x the median month,known
apollo,Apollo,pit-only,patron,10,patron/god: hardest tier; was pit rung 8 in src/legends.ts,plaguedoctor,exact,yes,household,src/legends.ts,existing=yes (src/legends.ts plaguedoctor rung 8); source: The Iliad; patron: hardest tier (owner 2026-10-07); old Pit rung 8 superseded by patron rule (Strategy 2026-10-07); Pit-only god treated as patron for ranking (Strategy),Apollo,1323102,6.12,household,keep,,,1298520,,household
hecate,Hecate,pit-only,patron,10,patron/god: hardest tier; was pit rung 9 in src/legends.ts,plaguedoctor,exact,yes,household,src/legends.ts,existing=yes (src/legends.ts plaguedoctor rung 9); source: Greek myth; patron: hardest tier (owner 2026-10-07); old Pit rung 9 superseded by patron rule (Strategy 2026-10-07); Pit-only god treated as patron for ranking (Strategy),Hecate,907807,5.96,known,keep,,,873744,,known
resheph,Resheph,pit-only,legend,10,Pit rung 10 (plaguedoctor ladder) in src/legends.ts; rank kept,plaguedoctor,exact,yes,obscure,src/legends.ts,existing=yes (src/legends.ts plaguedoctor rung 10); source: Canaanite myth,Resheph,46809,4.67,obscure,keep,,,46809,,obscure
hedge-witch,Hedge Witch,pit-only,generic,1,Pit rung 1 (witch ladder) in src/legends.ts; rank kept,witch,exact,yes,obscure,src/legends.ts,existing=yes (src/legends.ts witch rung 1); source: generic; generic nameless rung-1 style filler,,0,0.00,obscure,keep,,no article: invented/pit-only generic,0,,obscure
mother-shipton,Mother Shipton,pit-only,legend,2,Pit rung 2 (witch ladder) in src/legends.ts; rank kept,witch,exact,yes,known,src/legends.ts,existing=yes (src/legends.ts witch rung 2); source: English folklore,Mother Shipton,52108,4.72,obscure,keep,,,52108,,obscure
grimhild,Grimhild,pit-only,legend,3,Pit rung 3 (witch ladder) in src/legends.ts; rank kept,witch,exact,yes,obscure,src/legends.ts,existing=yes (src/legends.ts witch rung 3); source: Volsunga saga,Grimhild,7990,3.90,obscure,park,"7,990 views/yr (<10,000)",,7990,,obscure
ceridwen,Ceridwen,pit-only,legend,4,Pit rung 4 (witch ladder) in src/legends.ts; rank kept,witch,exact,yes,obscure,src/legends.ts,existing=yes (src/legends.ts witch rung 4); source: Welsh myth,Ceridwen,62360,4.79,obscure,keep,,,62360,,obscure
nimue,Nimue,pit-only,legend,5,Pit rung 5 (witch ladder) in src/legends.ts; rank kept,witch,exact,yes,known,src/legends.ts,existing=yes (src/legends.ts witch rung 5); source: Arthurian legend,Lady of the Lake,355276,5.55,known,keep,,,344460,,known
louhi,Louhi,pit-only,legend,6,Pit rung 6 (witch ladder) in src/legends.ts; rank kept,witch,exact,yes,known,src/legends.ts,existing=yes (src/legends.ts witch rung 6); source: Kalevala,Louhi,35009,4.54,obscure,keep,,,35009,,obscure
baba-yaga,Baba Yaga,pit-only,legend,7,Pit rung 7 (witch ladder) in src/legends.ts; rank kept,witch,exact,yes,household,src/legends.ts,existing=yes (src/legends.ts witch rung 7); source: Slavic folklore,Baba Yaga,571770,5.76,known,keep,,,538668,,known
morgan-le-fay,Morgan le Fay,pit-only,legend,8,Pit rung 8 (witch ladder) in src/legends.ts; rank kept,witch,exact,yes,household,src/legends.ts,existing=yes (src/legends.ts witch rung 8); source: Arthurian legend,Morgan le Fay,485821,5.69,known,keep,,,465468,,known
merlin,Merlin,pit-only,legend,9,Pit rung 9 (witch ladder) in src/legends.ts; rank kept,witch,exact,yes,household,src/legends.ts,existing=yes (src/legends.ts witch rung 9); source: Arthurian legend,Merlin,519912,5.72,known,keep,,,483216,,known
squire,Squire,pit-only,generic,1,Pit rung 1 (knight ladder) in src/legends.ts; rank kept,knight,exact,yes,obscure,src/legends.ts,existing=yes (src/legends.ts knight rung 1); source: generic; generic nameless rung-1 style filler,,0,0.00,obscure,keep,,no article: invented/pit-only generic,0,,obscure
bedivere,Bedivere,pit-only,legend,2,Pit rung 2 (knight ladder) in src/legends.ts; rank kept,knight,exact,yes,known,src/legends.ts,existing=yes (src/legends.ts knight rung 2); source: Arthurian legend,Bedivere,79117,4.90,obscure,keep,,,79117,,obscure
gawain,Gawain,pit-only,legend,3,Pit rung 3 (knight ladder) in src/legends.ts; rank kept,knight,exact,yes,known,src/legends.ts,existing=yes (src/legends.ts knight rung 3); source: Arthurian legend,Gawain,202539,5.31,known,keep,,,193920,,known
roland,Roland,pit-only,legend,4,Pit rung 4 (knight ladder) in src/legends.ts; rank kept,knight,exact,yes,known,src/legends.ts,existing=yes (src/legends.ts knight rung 4); source: Song of Roland,Roland,158253,5.20,known,keep,,,153444,,known
el-cid,El Cid,pit-only,legend,5,Pit rung 5 (knight ladder) in src/legends.ts; rank kept,knight,exact,yes,known,src/legends.ts,existing=yes (src/legends.ts knight rung 5); source: Spanish epic and history,El Cid,388046,5.59,known,keep,,,363828,,known
lancelot,Lancelot,pit-only,legend,6,Pit rung 6 (knight ladder) in src/legends.ts; rank kept,knight,exact,yes,household,src/legends.ts,existing=yes (src/legends.ts knight rung 6); source: Arthurian legend,Lancelot,341644,5.53,known,keep,,,336384,,known
siegfried,Siegfried,pit-only,legend,7,Pit rung 7 (knight ladder) in src/legends.ts; rank kept,knight,exact,yes,known,src/legends.ts,existing=yes (src/legends.ts knight rung 7); source: Nibelungenlied,Sigurd,233269,5.37,known,keep,,,203724,,known
hector,Hector,pit-only,legend,8,Pit rung 8 (knight ladder) in src/legends.ts; rank kept,knight,exact,yes,household,src/legends.ts,existing=yes (src/legends.ts knight rung 8); source: The Iliad,Hector,514584,5.71,known,keep,,,298524,peak 2026-07 is 6.6x the median month,known
achilles,Achilles,pit-only,legend,9,Pit rung 9 (knight ladder) in src/legends.ts; rank kept,knight,exact,yes,household,src/legends.ts,existing=yes (src/legends.ts knight rung 9); source: Greek myth,Achilles,1879734,6.27,household,keep,,,1026828,peak 2026-07 is 6.9x the median month,household
napoleon-bonaparte,Napoleon Bonaparte,historical,legend,9,Most famous general in history; 4M views; ranks beside Alexander and Caesar,veteran,reskin,yes,household,Public domain history; pre-1900 (d. 1821),"added from legends-new-candidates.csv (Dom yes, 2026-10-07); body family set by Characters 2026-10-07",Napoleon,4160203,,household,keep,,,4074648,,household
william-the-conqueror,William the Conqueror,historical,legend,7,1066 knight-commander fits the knight body,knight,reskin,yes,household,Bayeux Tapestry; ASC,"added from legends-new-candidates.csv (Dom yes, 2026-10-07); body family set by Characters 2026-10-07",William the Conqueror,2500807,,household,keep,,,1842324,,household
helen-of-troy,Helen of Troy,greek,legend,4,The face of the Iliad; non-combat figure so mid-low rank,witch,reskin,yes,household,"Homer, Iliad. SPIKE: peak 2026-07 is 14.9x the median month (Nolan's The Odyssey film, July 2026); steady rate about 845,604/yr","added from legends-new-candidates.csv (Dom yes, 2026-10-07); body family set by Characters 2026-10-07",Helen of Troy,2420960,,household,keep,,,845604,,known
augustus,Augustus,historical,legend,8,"First emperor, Roman-legion theme",legionary,reskin,yes,household,Res Gestae Divi Augusti,"added from legends-new-candidates.csv (Dom yes, 2026-10-07); body family set by Characters 2026-10-07; risk-audit design note applies (docs/research/legends-risk-audit.md)",Augustus,2029099,,household,keep,,,2015988,,household
charlemagne,Charlemagne,historical,legend,8,"Paladin king, pairs with Roland already in list",knight,reskin,yes,household,"Einhard, Vita Karoli","added from legends-new-candidates.csv (Dom yes, 2026-10-07); body family set by Characters 2026-10-07",Charlemagne,1900412,,household,keep,,,1888464,,household
marcus-aurelius,Marcus Aurelius,historical,legend,7,Philosopher-emperor who fought the Marcomannic wars,legionary,reskin,yes,household,Meditations; Historia Augusta,"added from legends-new-candidates.csv (Dom yes, 2026-10-07); body family set by Characters 2026-10-07",Marcus Aurelius,1873900,,household,keep,,,1871592,,household
calypso,Calypso,greek,legend,3,Sorceress-nymph of Odyssey,witch,reskin,yes,household,"Homer, Odyssey bk 5. SPIKE: peak 2026-07 is 19.3x the median month (Nolan's The Odyssey film, July 2026); steady rate about 528,744/yr","added from legends-new-candidates.csv (Dom yes, 2026-10-07); body family set by Characters 2026-10-07",Calypso (mythology),1749450,,household,keep,,,528744,,known
oliver-cromwell,Oliver Cromwell,historical,legend,6,"Ironsides commander, plate-armour look",veteran,reskin,yes,household,Public domain history (d. 1658),"added from legends-new-candidates.csv (Dom yes, 2026-10-07); body family set by Characters 2026-10-07",Oliver Cromwell,1692677,,household,keep,,,1703856,,household
henry-v-of-england,Henry V of England,historical,legend,7,"Agincourt, a longsword-era knight-king",knight,reskin,yes,household,Gesta Henrici Quinti,"added from legends-new-candidates.csv (Dom yes, 2026-10-07); body family set by Characters 2026-10-07",Henry V of England,1676601,,household,keep,,,1693248,,household
nero,Nero,historical,legend,6,"Infamous emperor, strong name pull",veteran,reskin,yes,household,Tacitus; Suetonius,"added from legends-new-candidates.csv (Dom yes, 2026-10-07); body family set by Characters 2026-10-07",Nero,1513415,,household,keep,,,1486176,,household
richard-iii-of-england,Richard III of England,historical,legend,7,"Last Plantagenet, died sword in hand at Bosworth",knight,reskin,yes,household,Public domain history (d. 1485),"added from legends-new-candidates.csv (Dom yes, 2026-10-07); body family set by Characters 2026-10-07",Richard III of England,1498347,,household,keep,,,1454724,,household
harold-godwinson,Harold Godwinson,historical,legend,6,"Hastings, housecarl axe-and-shield",knight,reskin,yes,household,"Bayeux Tapestry; ASC. SPIKE: peak 2025-09 is 5.7x the median month; steady rate about 828,168/yr","added from legends-new-candidates.csv (Dom yes, 2026-10-07); body family set by Characters 2026-10-07",Harold Godwinson,1495788,,household,keep,,,828168,,known
saladin,Saladin,historical,legend,8,"Richard's rival, scimitar duelist",knight,reskin,yes,household,Baha al-Din ibn Shaddad (13th c.); historical figure not scripture,"added from legends-new-candidates.csv (Dom yes, 2026-10-07); body family set by Characters 2026-10-07; risk-audit design note applies (docs/research/legends-risk-audit.md)",Saladin,1462051,,household,keep,,,1426236,,household
caligula,Caligula,historical,legend,5,"Infamous Roman emperor, gladiator-games host",veteran,reskin,yes,household,Suetonius,"added from legends-new-candidates.csv (Dom yes, 2026-10-07); body family set by Characters 2026-10-07",Caligula,1374482,,household,keep,,,1337712,,household
alfred-the-great,Alfred the Great,historical,legend,6,Saxon king who beat the Danes,veteran,reskin,yes,household,"Asser, Life of King Alfred","added from legends-new-candidates.csv (Dom yes, 2026-10-07); body family set by Characters 2026-10-07",Alfred the Great,1347849,,household,keep,,,1311888,,household
tutankhamun,Tutankhamun,egyptian,legend,5,"The best-known pharaoh, chariot-warrior iconography",veteran,reskin,yes,household,Historical pharaoh (d. c.1323 BC),"added from legends-new-candidates.csv (Dom yes, 2026-10-07); body family set by Characters 2026-10-07",Tutankhamun,1310001,,household,keep,,,1233924,,household
cyrus-the-great,Cyrus the Great,persian,legend,8,Founder of the Persian empire,veteran,reskin,yes,household,"Herodotus; Xenophon, Cyropaedia","added from legends-new-candidates.csv (Dom yes, 2026-10-07); body family set by Characters 2026-10-07; risk-audit design note applies (docs/research/legends-risk-audit.md)",Cyrus the Great,1286625,,household,keep,,,1074504,,household
don-quixote,Don Quixote,literary,legend,3,The knight-errant; windmill duel fits a lance fight,veteran,reskin,yes,household,"Cervantes (1605/1615), public domain","added from legends-new-candidates.csv (Dom yes, 2026-10-07); body family set by Characters 2026-10-07",Don Quixote,1284897,,household,keep,,,1284480,,household
qin-shi-huang,Qin Shi Huang,east-asian-folklore,legend,8,"First emperor of China, terracotta army",knight,reskin,yes,household,"Sima Qian, Shiji. SPIKE: peak 2025-12 is 3.3x the median month; steady rate about 906,336/yr","added from legends-new-candidates.csv (Dom yes, 2026-10-07); body family set by Characters 2026-10-07",Qin Shi Huang,1143000,,household,keep,,,906336,,known
timur-tamerlane,Timur (Tamerlane),historical,legend,8,"Steppe conqueror, scimitar body",veteran,reskin,yes,household,Ibn Arabshah (15th c.),"added from legends-new-candidates.csv (Dom yes, 2026-10-07); body family set by Characters 2026-10-07",Timur,1075140,,household,keep,,,1075536,,household
telemachus,Telemachus,greek,legend,3,"Odysseus' son, young spearman",veteran,reskin,yes,household,"Homer, Odyssey. SPIKE: peak 2026-07 is 12.7x the median month (Nolan's The Odyssey film, July 2026); steady rate about 444,588/yr","added from legends-new-candidates.csv (Dom yes, 2026-10-07); body family set by Characters 2026-10-07",Telemachus,1061839,,household,keep,,,444588,,known
menelaus,Menelaus,greek,legend,4,"Spartan king, Helen's husband, duelled Paris",knight,reskin,yes,household,"Homer, Iliad. SPIKE: peak 2026-07 is 20.5x the median month (Nolan's The Odyssey film, July 2026); steady rate about 293,580/yr","added from legends-new-candidates.csv (Dom yes, 2026-10-07); body family set by Characters 2026-10-07",Menelaus,1040420,,household,keep,,,293580,,known
wellington,Wellington,historical,legend,7,Waterloo victor; pairs with Napoleon,veteran,reskin,yes,household,Public domain history (d. 1852); pre-1900,"added from legends-new-candidates.csv (Dom yes, 2026-10-07); body family set by Characters 2026-10-07","Arthur Wellesley, 1st Duke of Wellington",1013416,,household,keep,,,991188,,known
moby-dick,Moby Dick,literary,legend,9,The white whale as a great sea beast,none,flag,yes,known,"Melville (1851), public domain","added from legends-new-candidates.csv (Dom yes, 2026-10-07); body family set by Characters 2026-10-07; NON-FIGHTER: a whale, not a duelist (Characters 2026-10-07; no body forced, Lead/Dom decide)",Moby-Dick,980540,,known,keep,,,977460,,known
attila-the-hun,Attila the Hun,historical,legend,8,"Scourge of God, horse-lord",veteran,reskin,yes,known,Priscus (5th c.),"added from legends-new-candidates.csv (Dom yes, 2026-10-07); body family set by Characters 2026-10-07",Attila,975431,,known,keep,,,939156,,known
mark-antony,Mark Antony,historical,legend,6,"Roman general, Cleopatra's lover",legionary,reskin,yes,known,"Plutarch, Life of Antony","added from legends-new-candidates.csv (Dom yes, 2026-10-07); body family set by Characters 2026-10-07",Mark Antony,954431,,known,keep,,,942348,,known
commodus,Commodus,historical,legend,7,"The gladiator emperor, fought in the arena",veteran,exact,yes,known,Cassius Dio; Historia Augusta,"added from legends-new-candidates.csv (Dom yes, 2026-10-07); body family set by Characters 2026-10-07",Commodus,928630,,known,keep,,,919992,,known
penelope,Penelope,greek,legend,2,Odysseus' queen; fits a bow-contest boss,witch,reskin,yes,known,"Homer, Odyssey. SPIKE: peak 2026-07 is 9.7x the median month (Nolan's The Odyssey film, July 2026); steady rate about 462,720/yr","added from legends-new-candidates.csv (Dom yes, 2026-10-07); body family set by Characters 2026-10-07",Penelope,921786,,known,keep,,,462720,,known
krampus,Krampus,european-folklore,legend,6,"Alpine horned winter beast, huge social pull",werewolf,reskin,yes,known,"Alpine folk custom, 19th-c. postcards (pre-1929). SPIKE: peak 2025-12 is 21.2x the median month; steady rate about 267,768/yr","added from legends-new-candidates.csv (Dom yes, 2026-10-07); body family set by Characters 2026-10-07",Krampus,891174,,known,keep,,,267768,,known
horatio-nelson,Horatio Nelson,historical,legend,7,Trafalgar admiral with cutlass; pre-1900,veteran,reskin,yes,known,Public domain history (d. 1805),"added from legends-new-candidates.csv (Dom yes, 2026-10-07); body family set by Characters 2026-10-07","Horatio Nelson, 1st Viscount Nelson",875550,,known,keep,,,730680,,known
mehmed-the-conqueror,Mehmed the Conqueror,historical,legend,7,Took Constantinople 1453,knight,reskin,yes,known,Kritovoulos (15th c.),"added from legends-new-candidates.csv (Dom yes, 2026-10-07); body family set by Characters 2026-10-07; risk-audit design note applies (docs/research/legends-risk-audit.md)",Mehmed II,861382,,known,keep,,,862284,,known
sisyphus,Sisyphus,greek,legend,4,"The rock-pusher, cunning king of Corinth",pitborn,reskin,yes,known,"Homer, Odyssey 11; Ovid","added from legends-new-candidates.csv (Dom yes, 2026-10-07); body family set by Characters 2026-10-07",Sisyphus,853905,,known,keep,,,819660,,known
canute-the-great,Canute the Great,historical,legend,6,Danish-English sea king,veteran,reskin,yes,known,ASC; Encomium Emmae,"added from legends-new-candidates.csv (Dom yes, 2026-10-07); body family set by Characters 2026-10-07",Cnut,820264,,known,keep,,,807012,,known
kublai-khan,Kublai Khan,historical,legend,8,Mongol emperor of China,veteran,reskin,yes,known,"Marco Polo, Travels","added from legends-new-candidates.csv (Dom yes, 2026-10-07); body family set by Characters 2026-10-07",Kublai Khan,807972,,known,keep,,,777336,,known
akbar,Akbar,historical,legend,7,"Mughal emperor, sword and elephant",veteran,reskin,yes,known,"Abu'l-Fazl, Akbarnama","added from legends-new-candidates.csv (Dom yes, 2026-10-07); body family set by Characters 2026-10-07; risk-audit design note applies (docs/research/legends-risk-audit.md)",Akbar,806054,,known,keep,,,734748,,known
xerxes-i,Xerxes I,persian,legend,8,King of Persia against Leonidas,veteran,reskin,yes,known,"Herodotus; Aeschylus, Persians","added from legends-new-candidates.csv (Dom yes, 2026-10-07); body family set by Characters 2026-10-07; risk-audit design note applies (docs/research/legends-risk-audit.md)",Xerxes I,802613,,known,keep,,,770052,,known
edward-i-longshanks,Edward I Longshanks,historical,legend,7,"Hammer of the Scots, foe of Wallace",knight,reskin,yes,known,Public domain history (d. 1307),"added from legends-new-candidates.csv (Dom yes, 2026-10-07); body family set by Characters 2026-10-07",Edward I,800217,,known,keep,,,874020,,known
hernan-cortes,Hernan Cortes,historical,legend,7,Conquistador versus Moctezuma II in the list,knight,reskin,yes,known,"Bernal Diaz, True History","added from legends-new-candidates.csv (Dom yes, 2026-10-07); body family set by Characters 2026-10-07; risk-audit design note applies (docs/research/legends-risk-audit.md)",Hernán Cortés,771114,,known,keep,,,743040,,known
frederick-the-great,Frederick the Great,historical,legend,7,Prussian king-general,veteran,reskin,yes,known,Public domain history (d. 1786),"added from legends-new-candidates.csv (Dom yes, 2026-10-07); body family set by Characters 2026-10-07",Frederick the Great,760338,,known,keep,,,731340,,known
siren,Siren,greek,legend,4,Odyssey song-monster,flyer,new,yes,known,"Homer, Odyssey bk 12. SPIKE: peak 2026-07 is 3.1x the median month (Nolan's The Odyssey film, July 2026); steady rate about 563,196/yr","added from legends-new-candidates.csv (Dom yes, 2026-10-07); body family set by Characters 2026-10-07; family 'flyer' is in body-families.md, not yet in this CSV's vocabulary or built",Siren (mythology),743445,,known,keep,,,563196,,known
hadrian,Hadrian,historical,legend,6,The wall-builder emperor,legionary,reskin,yes,known,Historia Augusta,"added from legends-new-candidates.csv (Dom yes, 2026-10-07); body family set by Characters 2026-10-07",Hadrian,738663,,known,keep,,,744084,,known
oda-nobunaga,Oda Nobunaga,east-asian-folklore,legend,8,"First great unifier of Japan, pairs with Musashi",knight,reskin,yes,known,"Shinchō Kōki (Ōta Gyūichi, 16th c.)","added from legends-new-candidates.csv (Dom yes, 2026-10-07); body family set by Characters 2026-10-07; FRANCHISE: no Nobunaga game-IP look (legends-risk-audit.md)",Oda Nobunaga,734269,,known,keep,,,699048,,known
tokugawa-ieyasu,Tokugawa Ieyasu,east-asian-folklore,legend,7,Final shogun-founder,knight,reskin,yes,known,Historical record,"added from legends-new-candidates.csv (Dom yes, 2026-10-07); body family set by Characters 2026-10-07; risk-audit design note applies (docs/research/legends-risk-audit.md)",Tokugawa Ieyasu,722254,,known,keep,,,683364,,known
paris,Paris,greek,legend,3,"Trojan prince, archer who killed Achilles",ranger,reskin,yes,known,"Homer, Iliad. SPIKE: peak 2026-07 is 11.2x the median month (Nolan's The Odyssey film, July 2026); steady rate about 315,096/yr","added from legends-new-candidates.csv (Dom yes, 2026-10-07); body family set by Characters 2026-10-07",Paris (mythology),721425,,known,keep,,,315096,,known
leif-erikson,Leif Erikson,norse,legend,4,Viking explorer of Vinland,veteran,reskin,yes,known,Saga of Erik the Red; Greenlanders' Saga,"added from legends-new-candidates.csv (Dom yes, 2026-10-07); body family set by Characters 2026-10-07",Leif Erikson,712976,,known,keep,,,616272,,known
titans,Titans,greek,patron,10,The elder gods as one cosmic-tier brand,giant,new,yes,known,"Hesiod, Theogony","added from legends-new-candidates.csv (Dom yes, 2026-10-07); body family set by Characters 2026-10-07; family 'giant' is in body-families.md, not yet in this CSV's vocabulary or built",Titans,664072,,known,keep,,,633264,,known
akhenaten,Akhenaten,egyptian,legend,5,The heretic pharaoh,veteran,reskin,yes,known,Historical pharaoh (Amarna),"added from legends-new-candidates.csv (Dom yes, 2026-10-07); body family set by Characters 2026-10-07",Akhenaten,635009,,known,keep,,,605952,,known
caracalla,Caracalla,historical,legend,5,Brutal soldier-emperor,veteran,reskin,yes,known,Cassius Dio,"added from legends-new-candidates.csv (Dom yes, 2026-10-07); body family set by Characters 2026-10-07",Caracalla,618795,,known,keep,,,568992,,known
wu-zetian,Wu Zetian,east-asian-folklore,legend,6,Only female emperor of China,witch,reskin,yes,known,Old Book of Tang,"added from legends-new-candidates.csv (Dom yes, 2026-10-07); body family set by Characters 2026-10-07",Wu Zetian,618516,,known,keep,,,570804,,known
rollo,Rollo,norse,legend,6,Viking founder of Normandy,veteran,reskin,yes,known,Dudo of Saint-Quentin,"added from legends-new-candidates.csv (Dom yes, 2026-10-07); body family set by Characters 2026-10-07",Rollo,606338,,known,keep,,,580428,,known
golem,Golem,european-folklore,legend,6,"Clay guardian of Prague, pre-1929 legend",pitborn,reskin,yes,known,"Jewish folklore; Grimm 1808 version; Rabbi Loew tale (1909 Rosenberg, folk older)","added from legends-new-candidates.csv (Dom yes, 2026-10-07); body family set by Characters 2026-10-07; risk-audit design note applies (docs/research/legends-risk-audit.md)",Golem,598797,,known,keep,,,560448,,known
trajan,Trajan,historical,legend,6,Dacian wars emperor,legionary,reskin,yes,known,Cassius Dio; Trajan's Column,"added from legends-new-candidates.csv (Dom yes, 2026-10-07); body family set by Characters 2026-10-07",Trajan,594123,,known,keep,,,591216,,known
pompey,Pompey,historical,legend,6,"Caesar's rival, Pompey the Great",legionary,reskin,yes,known,"Plutarch, Life of Pompey","added from legends-new-candidates.csv (Dom yes, 2026-10-07); body family set by Characters 2026-10-07",Pompey,582513,,known,keep,,,580452,,known
nefertiti,Nefertiti,egyptian,legend,3,"Amarna queen, strong visual brand",witch,reskin,yes,known,Historical record (Amarna),"added from legends-new-candidates.csv (Dom yes, 2026-10-07); body family set by Characters 2026-10-07",Nefertiti,569327,,known,keep,,,558084,,known
crassus,Crassus,historical,legend,5,"Richest Roman, beat Spartacus",legionary,reskin,yes,known,"Plutarch, Life of Crassus","added from legends-new-candidates.csv (Dom yes, 2026-10-07); body family set by Characters 2026-10-07",Marcus Licinius Crassus,541028,,known,keep,,,488088,,known
uranus,Uranus,greek,patron,10,"Primordial sky god, castrated by Kronos",nightborn,reskin,yes,known,"Hesiod, Theogony","added from legends-new-candidates.csv (Dom yes, 2026-10-07); body family set by Characters 2026-10-07",Uranus (mythology),538105,,known,keep,,,510240,,known
toyotomi-hideyoshi,Toyotomi Hideyoshi,east-asian-folklore,legend,7,Peasant-to-ruler warlord,knight,reskin,yes,known,Historical record,"added from legends-new-candidates.csv (Dom yes, 2026-10-07); body family set by Characters 2026-10-07; risk-audit design note applies (docs/research/legends-risk-audit.md)",Toyotomi Hideyoshi,531427,,known,keep,,,508272,,known
phoenix,Phoenix,greek,legend,7,"Fire-bird, perfect arena creature",flyer,new,yes,known,"Herodotus; Ovid, Metamorphoses","added from legends-new-candidates.csv (Dom yes, 2026-10-07); body family set by Characters 2026-10-07; family 'flyer' is in body-families.md, not yet in this CSV's vocabulary or built",Phoenix (mythology),526209,,known,keep,,,527712,,known
icarus,Icarus,greek,legend,3,The boy who flew too high,veteran,reskin,yes,known,"Ovid, Metamorphoses","added from legends-new-candidates.csv (Dom yes, 2026-10-07); body family set by Characters 2026-10-07",Icarus,522838,,known,keep,,,506712,,known
kitsune,Kitsune,east-asian-folklore,legend,5,"Japanese fox spirit, huge pop appeal",goblin,reskin,yes,known,Nihon Ryoiki (9th c.); folklore,"added from legends-new-candidates.csv (Dom yes, 2026-10-07); body family set by Characters 2026-10-07",Kitsune,516736,,known,keep,,,485724,,known
darius-the-great,Darius the Great,persian,legend,7,Persian emperor at Marathon,veteran,reskin,yes,known,Behistun Inscription; Herodotus,"added from legends-new-candidates.csv (Dom yes, 2026-10-07); body family set by Characters 2026-10-07; risk-audit design note applies (docs/research/legends-risk-audit.md)",Darius the Great,507888,,known,keep,,,491352,,known
oedipus,Oedipus,greek,legend,4,King who slew the Sphinx,veteran,reskin,yes,known,"Sophocles, Oedipus Rex","added from legends-new-candidates.csv (Dom yes, 2026-10-07); body family set by Characters 2026-10-07",Oedipus,498476,,known,keep,,,500892,,known
william-marshal,William Marshal,historical,legend,8,"The greatest knight, tourney champion; fits the sword-duel theme",knight,exact,yes,known,History of William Marshal (13th c.),"added from legends-new-candidates.csv (Dom yes, 2026-10-07); body family set by Characters 2026-10-07","William Marshal, 1st Earl of Pembroke",493821,,known,keep,,,435180,,known
walter-raleigh,Walter Raleigh,historical,legend,5,Elizabethan swashbuckler,ranger,reskin,yes,known,Public domain history (d. 1618),"added from legends-new-candidates.csv (Dom yes, 2026-10-07); body family set by Characters 2026-10-07",Walter Raleigh,487649,,known,keep,,,465840,,known
cesare-borgia,Cesare Borgia,historical,legend,6,Condottiere-prince of Machiavelli,veteran,reskin,yes,known,"Machiavelli, The Prince (1532)","added from legends-new-candidates.csv (Dom yes, 2026-10-07); body family set by Characters 2026-10-07",Cesare Borgia,456307,,known,keep,,,457344,,known
romulus-and-remus,Romulus and Remus,roman,legend,5,Twin founders of Rome,legionary,reskin,yes,known,"Livy, Ab Urbe Condita","added from legends-new-candidates.csv (Dom yes, 2026-10-07); body family set by Characters 2026-10-07",Romulus and Remus,437094,,known,keep,,,433260,,known
brutus,Brutus,historical,legend,5,"Killer of Caesar, pairs with Caesar",legionary,reskin,yes,known,"Plutarch, Life of Brutus","added from legends-new-candidates.csv (Dom yes, 2026-10-07); body family set by Characters 2026-10-07",Marcus Junius Brutus,434843,,known,keep,,,433164,,known
sun-tzu,Sun Tzu,east-asian-folklore,legend,6,The Art of War strategist,veteran,reskin,yes,known,The Art of War (5th c. BC),"added from legends-new-candidates.csv (Dom yes, 2026-10-07); body family set by Characters 2026-10-07",Sun Tzu,418136,,known,keep,,,406944,,known
philip-ii-of-macedon,Philip II of Macedon,historical,legend,7,"Alexander's father, phalanx creator",veteran,reskin,yes,known,Diodorus Siculus,"added from legends-new-candidates.csv (Dom yes, 2026-10-07); body family set by Characters 2026-10-07",Philip II of Macedon,416127,,known,keep,,,407412,,known
unicorn,Unicorn,european-folklore,legend,5,"One-horned beast, lance fight",quadruped,new,yes,known,Pliny; Physiologus; medieval bestiaries,"added from legends-new-candidates.csv (Dom yes, 2026-10-07); body family set by Characters 2026-10-07",Unicorn,413469,,known,keep,,,407508,,known
hestia,Hestia,greek,patron,9,Hearth goddess of the twelve,witch,reskin,yes,known,Hesiod; Homeric Hymns,"added from legends-new-candidates.csv (Dom yes, 2026-10-07); body family set by Characters 2026-10-07",Hestia,413416,,known,keep,,,391716,,known
will-o-the-wisp,Will-o'-the-wisp,european-folklore,legend,2,"Swamp light, low-rank spirit",wraith,reskin,yes,known,"European folklore, pre-1929","added from legends-new-candidates.csv (Dom yes, 2026-10-07); body family set by Characters 2026-10-07",Will-o'-the-wisp,412125,,known,keep,,,400812,,known
eros-cupid,Eros (Cupid),greek,patron,9,God of love with a bow,ranger,reskin,yes,known,Hesiod; Apuleius,"added from legends-new-candidates.csv (Dom yes, 2026-10-07); body family set by Characters 2026-10-07",Eros,408621,,known,keep,,,396036,,known
cyclopes,Cyclopes,greek,legend,6,One-eyed smith-giants (Polyphemus is already listed),giant,new,yes,known,"Hesiod, Theogony. SPIKE: peak 2026-07 is 6.2x the median month (Nolan's The Odyssey film, July 2026); steady rate about 231,480/yr","added from legends-new-candidates.csv (Dom yes, 2026-10-07); body family set by Characters 2026-10-07; family 'giant' is in body-families.md, not yet in this CSV's vocabulary or built",Cyclopes,392929,,known,keep,,,231480,,known
bjorn-ironside,Bjorn Ironside,norse,legend,6,"Ragnar's son, sea-king",veteran,reskin,yes,known,Gesta Danorum; sagas,"added from legends-new-candidates.csv (Dom yes, 2026-10-07); body family set by Characters 2026-10-07",Björn Ironside,389675,,known,keep,,,370140,,known
jan-zizka,Jan Zizka,historical,legend,6,One-eyed Hussite general,veteran,reskin,yes,known,Chronicle of the Hussite wars,"added from legends-new-candidates.csv (Dom yes, 2026-10-07); body family set by Characters 2026-10-07",Jan Žižka,382315,,known,keep,,,352320,,known
sulla,Sulla,historical,legend,6,Roman dictator,legionary,reskin,yes,known,"Plutarch, Life of Sulla","added from legends-new-candidates.csv (Dom yes, 2026-10-07); body family set by Characters 2026-10-07",Sulla,378393,,known,keep,,,373140,,known
yggdrasil,Yggdrasil,norse,legend,8,The world-tree as an arena set-piece boss,none,flag,yes,known,Poetic Edda; Snorri,"added from legends-new-candidates.csv (Dom yes, 2026-10-07); body family set by Characters 2026-10-07; NON-FIGHTER: a tree, not a duelist (Characters 2026-10-07; no body forced, Lead/Dom decide)",Yggdrasil,377933,,known,keep,,,372156,,known
griffin,Griffin,european-folklore,legend,5,Eagle-lion beast of bestiaries,flyer,new,yes,known,Herodotus; medieval bestiaries,"added from legends-new-candidates.csv (Dom yes, 2026-10-07); body family set by Characters 2026-10-07; family 'flyer' is in body-families.md, not yet in this CSV's vocabulary or built",Griffin,374449,,known,keep,,,364116,,known
charles-martel,Charles Martel,historical,legend,6,Tours 732 hammer of the Franks,knight,reskin,yes,known,Fredegar Chronicle,"added from legends-new-candidates.csv (Dom yes, 2026-10-07); body family set by Characters 2026-10-07; risk-audit design note applies (docs/research/legends-risk-audit.md)",Charles Martel,374339,,known,keep,,,360336,,known
narcissus,Narcissus,greek,legend,2,The self-admiring youth,veteran,reskin,yes,known,"Ovid, Metamorphoses","added from legends-new-candidates.csv (Dom yes, 2026-10-07); body family set by Characters 2026-10-07",Narcissus (mythology),362458,,known,keep,,,322860,,known
sargon-of-akkad,Sargon of Akkad,mesopotamian,legend,7,"First empire-builder, fits the Mesopotamian group",veteran,reskin,yes,known,Sargon Legend; Sumerian King List,"added from legends-new-candidates.csv (Dom yes, 2026-10-07); body family set by Characters 2026-10-07",Sargon of Akkad,361354,,known,keep,,,361860,,known
rhea,Rhea,greek,patron,9,Mother of the Olympians,witch,reskin,yes,known,"Hesiod, Theogony","added from legends-new-candidates.csv (Dom yes, 2026-10-07); body family set by Characters 2026-10-07",Rhea (mythology),356205,,known,keep,,,344892,,known
jotnar,Jotnar,norse,legend,7,The Norse giants as a family of bosses,giant,new,yes,known,Poetic Edda; Snorri,"added from legends-new-candidates.csv (Dom yes, 2026-10-07); body family set by Characters 2026-10-07; family 'giant' is in body-families.md, not yet in this CSV's vocabulary or built",Jötunn,353223,,known,keep,,,335340,,known
qilin,Qilin,east-asian-folklore,legend,6,Chinese chimeric beast,quadruped,new,yes,known,Zuo Zhuan; Shanhaijing,"added from legends-new-candidates.csv (Dom yes, 2026-10-07); body family set by Characters 2026-10-07",Qilin,348380,,known,keep,,,345444,,known
oceanus,Oceanus,greek,patron,10,Titan river-encircling the world,nightborn,reskin,yes,known,"Hesiod; Homer. SPIKE: peak 2026-07 is 6.2x the median month (Nolan's The Odyssey film, July 2026); steady rate about 215,628/yr","added from legends-new-candidates.csv (Dom yes, 2026-10-07); body family set by Characters 2026-10-07",Oceanus,346782,,known,keep,,,215628,,known
winged-victory,Winged Victory,greek,patron,9,Winged victory goddess,none,flag,yes,known,"Hesiod, Theogony","added from legends-new-candidates.csv (Dom yes, 2026-10-07); body family set by Characters 2026-10-07; renamed from Nike (COO legends audit 2026-10-07); NON-FIGHTER: a statue (Nike of Samothrace) (Characters 2026-10-07; no body forced, Lead/Dom decide)",Nike (mythology),343146,,known,keep,,,314616,,known
tantalus,Tantalus,greek,legend,4,King punished in Tartarus,veteran,reskin,yes,known,"Homer, Odyssey 11; Pindar. SPIKE: peak 2025-12 is 3.2x the median month; steady rate about 254,208/yr","added from legends-new-candidates.csv (Dom yes, 2026-10-07); body family set by Characters 2026-10-07",Tantalus,341927,,known,keep,,,254208,,known
satyr,Satyr,greek,legend,3,Goat-man of Dionysus' retinue,pitborn,reskin,yes,known,"Greek vase painting; Euripides, Cyclops","added from legends-new-candidates.csv (Dom yes, 2026-10-07); body family set by Characters 2026-10-07",Satyr,340499,,known,keep,,,334188,,known
zheng-he,Zheng He,east-asian-folklore,legend,5,Ming admiral of treasure fleets,veteran,reskin,yes,known,Yingya Shenglan (15th c.),"added from legends-new-candidates.csv (Dom yes, 2026-10-07); body family set by Characters 2026-10-07; risk-audit design note applies (docs/research/legends-risk-audit.md)",Zheng He,333257,,known,keep,,,311640,,known
ching-shih,Ching Shih,historical,legend,6,"Pirate queen of the China seas, d. 1844",shieldmaiden,reskin,yes,known,Historical record,"added from legends-new-candidates.csv (Dom yes, 2026-10-07); body family set by Characters 2026-10-07",Zheng Yi Sao,332741,,known,keep,,,291696,,known
adonis,Adonis,greek,legend,3,Youth killed by the boar,veteran,reskin,yes,known,"Ovid, Metamorphoses","added from legends-new-candidates.csv (Dom yes, 2026-10-07); body family set by Characters 2026-10-07",Adonis,329644,,known,keep,,,325356,,known
basilisk,Basilisk,european-folklore,legend,6,Serpent-king whose gaze kills,serpent,new,yes,known,"Pliny, Natural History; bestiaries","added from legends-new-candidates.csv (Dom yes, 2026-10-07); body family set by Characters 2026-10-07",Basilisk,329185,,known,keep,,,295332,,known
francisco-pizarro,Francisco Pizarro,historical,legend,6,Conquistador of the Inca,knight,reskin,yes,known,Pedro Pizarro (16th c.),"added from legends-new-candidates.csv (Dom yes, 2026-10-07); body family set by Characters 2026-10-07; risk-audit design note applies (docs/research/legends-risk-audit.md)",Francisco Pizarro,326252,,known,keep,,,287556,,known
pandora,Pandora,greek,legend,2,"First woman, jar of evils",witch,reskin,yes,known,"Hesiod, Works and Days","added from legends-new-candidates.csv (Dom yes, 2026-10-07); body family set by Characters 2026-10-07",Pandora,324950,,known,keep,,,295188,,known
midas,Midas,greek,legend,3,Golden-touch king,veteran,reskin,yes,known,"Ovid, Metamorphoses","added from legends-new-candidates.csv (Dom yes, 2026-10-07); body family set by Characters 2026-10-07",Midas,320460,,known,keep,,,291180,,known
leprechaun,Leprechaun,celtic,legend,2,Irish shoemaker spirit,goblin,reskin,yes,known,"Irish folklore (Croker 1825). SPIKE: peak 2026-03 is 4.6x the median month; steady rate about 239,208/yr","added from legends-new-candidates.csv (Dom yes, 2026-10-07); body family set by Characters 2026-10-07",Leprechaun,317750,,known,keep,,,239208,,known
daedalus,Daedalus,greek,legend,4,The maze-maker,veteran,reskin,yes,known,Ovid; Apollodorus,"added from legends-new-candidates.csv (Dom yes, 2026-10-07); body family set by Characters 2026-10-07",Daedalus,298930,,known,keep,,,289044,,known
minos,Minos,greek,legend,5,"Cretan king, judge of the dead",knight,reskin,yes,known,Homer; Apollodorus,"added from legends-new-candidates.csv (Dom yes, 2026-10-07); body family set by Characters 2026-10-07",Minos,293578,,known,keep,,,288516,,known
asclepius,Asclepius,greek,legend,4,Healer-hero (secular Greek cult),plaguedoctor,reskin,yes,known,Homer; Pindar,"added from legends-new-candidates.csv (Dom yes, 2026-10-07); body family set by Characters 2026-10-07",Asclepius,293419,,known,keep,,,294636,,known
pericles,Pericles,historical,legend,5,Athenian statesman-general,veteran,reskin,yes,known,Thucydides,"added from legends-new-candidates.csv (Dom yes, 2026-10-07); body family set by Characters 2026-10-07",Pericles,292286,,known,keep,,,278052,,known
gustavus-adolphus,Gustavus Adolphus,historical,legend,6,Lion of the North,veteran,reskin,yes,known,Public domain history (d. 1632),"added from legends-new-candidates.csv (Dom yes, 2026-10-07); body family set by Characters 2026-10-07",Gustavus Adolphus,290376,,known,keep,,,269508,,known
khufu,Khufu,egyptian,legend,3,Great Pyramid pharaoh,veteran,reskin,yes,known,Herodotus; historical,"added from legends-new-candidates.csv (Dom yes, 2026-10-07); body family set by Characters 2026-10-07",Khufu,286809,,known,keep,,,264804,,known
leto,Leto,greek,patron,9,Mother of Apollo and Artemis,witch,reskin,yes,known,Homeric Hymn to Apollo,"added from legends-new-candidates.csv (Dom yes, 2026-10-07); body family set by Characters 2026-10-07",Leto,285562,,known,keep,,,270768,,known
erik-the-red,Erik the Red,norse,legend,4,Outlaw founder of Greenland,veteran,reskin,yes,known,Saga of Erik the Red,"added from legends-new-candidates.csv (Dom yes, 2026-10-07); body family set by Characters 2026-10-07",Erik the Red,285075,,known,keep,,,253176,,known
cao-cao,Cao Cao,east-asian-folklore,legend,7,"Three Kingdoms warlord, pairs with Lu Bu and Zhao Yun",veteran,reskin,yes,known,Romance of the Three Kingdoms; Records of the Three Kingdoms,"added from legends-new-candidates.csv (Dom yes, 2026-10-07); body family set by Characters 2026-10-07",Cao Cao,284019,,known,keep,,,261588,,known
mummy,Mummy,egyptian,legend,3,"Wrapped undead pharaoh, pairs with Queen Tera",skeleton,reskin,yes,known,Egyptian burial lore; Victorian fiction (Alcott 1869; Doyle 1892),"added from legends-new-candidates.csv (Dom yes, 2026-10-07); body family set by Characters 2026-10-07",Mummy,281542,,known,keep,,,262140,,known
hammurabi,Hammurabi,mesopotamian,legend,5,Babylonian law-king,veteran,reskin,yes,known,Code of Hammurabi,"added from legends-new-candidates.csv (Dom yes, 2026-10-07); body family set by Characters 2026-10-07",Hammurabi,277924,,known,keep,,,273864,,known
seti-i,Seti I,egyptian,legend,5,Warrior-pharaoh of Kadesh era,veteran,reskin,yes,known,Historical pharaoh,"added from legends-new-candidates.csv (Dom yes, 2026-10-07); body family set by Characters 2026-10-07",Seti I,250791,,known,keep,,,241308,,known
matthias-corvinus,Matthias Corvinus,historical,legend,6,"Hungarian Raven King, Black Army",knight,reskin,yes,known,"Bonfini, Rerum Ungaricarum","added from legends-new-candidates.csv (Dom yes, 2026-10-07); body family set by Characters 2026-10-07",Matthias Corvinus,244279,,known,keep,,,242172,,known
william-kidd,William Kidd,historical,legend,4,"Captain Kidd, d. 1701",veteran,reskin,yes,known,Public domain history,"added from legends-new-candidates.csv (Dom yes, 2026-10-07); body family set by Characters 2026-10-07",William Kidd,241142,,known,keep,,,222324,,known
owain-glyndwr,Owain Glyndwr,celtic,legend,6,Last Welsh prince of Wales,veteran,reskin,yes,known,Public domain history (d. c.1415),"added from legends-new-candidates.csv (Dom yes, 2026-10-07); body family set by Characters 2026-10-07; risk-audit design note applies (docs/research/legends-risk-audit.md)",Owain Glyndŵr,240906,,known,keep,,,203052,,known
cato-the-younger,Cato the Younger,historical,legend,4,Stoic who chose death over Caesar,legionary,reskin,yes,known,"Plutarch, Life of Cato","added from legends-new-candidates.csv (Dom yes, 2026-10-07); body family set by Characters 2026-10-07",Cato the Younger,238008,,known,keep,,,238932,,known
long-john-silver,Long John Silver,literary,legend,4,One-legged pirate,veteran,reskin,yes,known,"Stevenson, Treasure Island (1883), public domain","added from legends-new-candidates.csv (Dom yes, 2026-10-07); body family set by Characters 2026-10-07; FRANCHISE: no 'Long John Silver's' chain branding (legends-risk-audit.md)",Long John Silver,235911,,known,keep,,,223776,,known
orestes,Orestes,greek,legend,4,Matricide hero,veteran,reskin,yes,known,"Aeschylus, Oresteia. SPIKE: peak 2026-07 is 6.9x the median month (Nolan's The Odyssey film, July 2026); steady rate about 133,980/yr","added from legends-new-candidates.csv (Dom yes, 2026-10-07); body family set by Characters 2026-10-07",Orestes,233371,,known,keep,,,133980,,known
gargoyle,Gargoyle,european-folklore,legend,4,Stone rain-spout monster,pitborn,reskin,yes,known,Medieval cathedral lore; Rouen legend of La Gargouille,"added from legends-new-candidates.csv (Dom yes, 2026-10-07); body family set by Characters 2026-10-07",Gargoyle,225707,,known,keep,,,225660,,known
quasimodo,Quasimodo,literary,legend,4,Bell-ringer hunchback,pitborn,reskin,yes,known,"Hugo, Notre-Dame de Paris (1831), public domain","added from legends-new-candidates.csv (Dom yes, 2026-10-07); body family set by Characters 2026-10-07",Quasimodo,225198,,known,keep,,,221364,,known
hayreddin-barbarossa,Hayreddin Barbarossa,historical,legend,6,Ottoman corsair admiral,veteran,reskin,yes,known,Historical record,"added from legends-new-candidates.csv (Dom yes, 2026-10-07); body family set by Characters 2026-10-07; risk-audit design note applies (docs/research/legends-risk-audit.md)",Hayreddin Barbarossa,224812,,known,keep,,,223092,,known
gorgons,Gorgons,greek,legend,6,Medusa's sisters (Medusa is already listed),witch,reskin,yes,known,Hesiod; Apollodorus,"added from legends-new-candidates.csv (Dom yes, 2026-10-07); body family set by Characters 2026-10-07",Gorgons,221461,,known,keep,,,214092,,known
zhuge-liang,Zhuge Liang,east-asian-folklore,legend,7,Three Kingdoms strategist,veteran,reskin,yes,known,Romance of the Three Kingdoms,"added from legends-new-candidates.csv (Dom yes, 2026-10-07); body family set by Characters 2026-10-07",Zhuge Liang,219432,,known,keep,,,213396,,known
ghoul,Ghoul,european-folklore,legend,3,Grave-eater of Arabian tales,goblin,reskin,yes,known,"Galland, Arabian Nights (1704)","added from legends-new-candidates.csv (Dom yes, 2026-10-07); body family set by Characters 2026-10-07",Ghoul,218046,,known,keep,,,204384,,known
ashurbanipal,Ashurbanipal,mesopotamian,legend,6,Assyrian lion-hunter king,veteran,reskin,yes,known,Library of Ashurbanipal,"added from legends-new-candidates.csv (Dom yes, 2026-10-07); body family set by Characters 2026-10-07",Ashurbanipal,217574,,known,keep,,,216120,,known
wyvern,Wyvern,european-folklore,legend,5,Two-legged heraldic dragon,flyer,new,yes,known,Medieval heraldry,"added from legends-new-candidates.csv (Dom yes, 2026-10-07); body family set by Characters 2026-10-07; family 'flyer' is in body-families.md, not yet in this CSV's vocabulary or built",Wyvern,216504,,known,keep,,,208332,,known
henry-morgan,Henry Morgan,historical,legend,5,"Caribbean buccaneer, d. 1688",veteran,reskin,yes,known,"Exquemelin, Buccaneers of America (1678)","added from legends-new-candidates.csv (Dom yes, 2026-10-07); body family set by Characters 2026-10-07; FRANCHISE: no Captain Morgan rum look (legends-risk-audit.md)",Henry Morgan,214713,,known,keep,,,202728,,known
manticore,Manticore,european-folklore,legend,6,Man-lion-scorpion beast,quadruped,new,yes,known,Ctesias; Pliny,"added from legends-new-candidates.csv (Dom yes, 2026-10-07); body family set by Characters 2026-10-07",Manticore,214302,,known,keep,,,215880,,known
gaius-marius,Gaius Marius,historical,legend,5,Reformer of the legions,legionary,reskin,yes,known,"Plutarch, Life of Marius","added from legends-new-candidates.csv (Dom yes, 2026-10-07); body family set by Characters 2026-10-07",Gaius Marius,209033,,known,keep,,,207924,,known
harpy,Harpy,greek,legend,3,Winged storm-spirits,flyer,new,yes,known,"Hesiod; Apollonius Rhodius, Argonautica","added from legends-new-candidates.csv (Dom yes, 2026-10-07); body family set by Characters 2026-10-07; family 'flyer' is in body-families.md, not yet in this CSV's vocabulary or built",Harpy,203085,,known,keep,,,199260,,known
antigone,Antigone,greek,legend,2,Theban princess,witch,reskin,yes,known,"Sophocles, Antigone","added from legends-new-candidates.csv (Dom yes, 2026-10-07); body family set by Characters 2026-10-07",Antigone,201162,,known,keep,,,199704,,known
brian-boru,Brian Boru,celtic,legend,5,"High King of Ireland, Clontarf 1014",veteran,reskin,yes,known,Cogad Gaedel re Gallaib,"added from legends-new-candidates.csv (Dom yes, 2026-10-07); body family set by Characters 2026-10-07",Brian Boru,200460,,known,keep,,,187860,,known
priam,Priam,greek,legend,3,King of Troy,veteran,reskin,yes,known,"Homer, Iliad. SPIKE: peak 2026-07 is 4.8x the median month (Nolan's The Odyssey film, July 2026); steady rate about 135,792/yr","added from legends-new-candidates.csv (Dom yes, 2026-10-07); body family set by Characters 2026-10-07",Priam,200094,,known,keep,,,135792,,known
jean-lafitte,Jean Lafitte,historical,legend,4,"Privateer at New Orleans, d. c.1823",veteran,reskin,yes,known,Public domain history,"added from legends-new-candidates.csv (Dom yes, 2026-10-07); body family set by Characters 2026-10-07",Jean Lafitte,199721,,known,keep,,,187428,,known
captain-nemo,Captain Nemo,literary,legend,5,"Submarine captain, harpoon duel with the Kraken",veteran,reskin,yes,known,"Verne (1870), public domain","added from legends-new-candidates.csv (Dom yes, 2026-10-07); body family set by Characters 2026-10-07",Captain Nemo,199085,,known,keep,,,200184,,known
liu-bei,Liu Bei,east-asian-folklore,legend,6,"Three Kingdoms founder-king, twin swords",veteran,reskin,yes,known,Romance of the Three Kingdoms,"added from legends-new-candidates.csv (Dom yes, 2026-10-07); body family set by Characters 2026-10-07",Liu Bei,191206,,known,keep,,,178020,,known
cyrano-de-bergerac,Cyrano de Bergerac,literary,legend,5,"Swordsman-poet, famed duellist",veteran,reskin,yes,known,Rostand (1897); real Cyrano (d. 1655),"added from legends-new-candidates.csv (Dom yes, 2026-10-07); body family set by Characters 2026-10-07",Cyrano de Bergerac,185850,,known,keep,,,182880,,known
proteus,Proteus,greek,legend,4,Shape-shifting sea god,nightborn,reskin,yes,known,"Homer, Odyssey bk 4","added from legends-new-candidates.csv (Dom yes, 2026-10-07); body family set by Characters 2026-10-07",Proteus,184417,,known,keep,,,171600,,known
arachne,Arachne,greek,legend,3,Spinner turned spider,witch,reskin,yes,known,"Ovid, Metamorphoses","added from legends-new-candidates.csv (Dom yes, 2026-10-07); body family set by Characters 2026-10-07",Arachne,183903,,known,keep,,,182856,,known
yamata-no-orochi,Yamata no Orochi,east-asian-folklore,legend,8,"Eight-headed serpent, a headline Japanese monster",serpent,new,yes,known,Kojiki (712),"added from legends-new-candidates.csv (Dom yes, 2026-10-07); body family set by Characters 2026-10-07; risk-audit design note applies (docs/research/legends-risk-audit.md)",Yamata no Orochi,183450,,known,keep,,,179052,,known
the-brethren-of-the-rose-cross,The Brethren of the Rose Cross,dead-order,legend,5,17th-c. secret brotherhood of alchemists,witch,reskin,yes,known,Strategy gap scan 2026-10-07 (Dom yes),"added in the demons/orders/ghosts/witches/fae/ancient gap scan (Dom yes, 2026-10-07); body family set by Characters 2026-10-07; renamed from The Rosicrucians (COO legends audit 2026-10-07)",Rosicrucianism,375509,,known,keep,,,375509,,known
the-druids,The Druids,celtic,legend,5,Ancient Celtic priest-sages (classical sources),witch,reskin,yes,known,Strategy gap scan 2026-10-07 (Dom yes),"added in the demons/orders/ghosts/witches/fae/ancient gap scan (Dom yes, 2026-10-07); body family set by Characters 2026-10-07; risk-audit design note applies (docs/research/legends-risk-audit.md)",Druid,390456,,known,keep,,,390456,,known
the-maenads,The Maenads,greek,legend,4,"Frenzied women of Dionysus (Euripides, Bacchae)",witch,reskin,yes,known,Strategy gap scan 2026-10-07 (Dom yes),"added in the demons/orders/ghosts/witches/fae/ancient gap scan (Dom yes, 2026-10-07); body family set by Characters 2026-10-07",Maenad,195176,,known,keep,,,195176,,known
chernobog,Chernobog,slavic,legend,9,"Black god of Slavic dualism (Helmold, 12th c.)",nightborn,reskin,yes,obscure,Strategy gap scan 2026-10-07 (Dom yes),"added in the demons/orders/ghosts/witches/fae/ancient gap scan (Dom yes, 2026-10-07); body family set by Characters 2026-10-07",Chernobog,33368,,obscure,keep,,,33368,,obscure
perun,Perun,slavic,patron,10,"Slavic thunder god, chief of the pantheon",knight,reskin,yes,known,Strategy gap scan 2026-10-07 (Dom yes),"added in the demons/orders/ghosts/witches/fae/ancient gap scan (Dom yes, 2026-10-07); body family set by Characters 2026-10-07",Perun,107478,,known,keep,,,107478,,known
veles,Veles,slavic,legend,8,"Slavic god of the underworld, Perun's foe",werewolf,reskin,yes,known,Strategy gap scan 2026-10-07 (Dom yes),"added in the demons/orders/ghosts/witches/fae/ancient gap scan (Dom yes, 2026-10-07); body family set by Characters 2026-10-07",Veles (god),102467,,known,keep,,,102467,,known
the-roc,The Roc,arabian-nights,legend,7,Giant bird of the Sinbad voyages (One Thousand and One Nights),flyer,new,yes,known,Strategy gap scan 2026-10-07 (Dom yes),"added in the demons/orders/ghosts/witches/fae/ancient gap scan (Dom yes, 2026-10-07); body family set by Characters 2026-10-07; family 'flyer' is in body-families.md, not yet in this CSV's vocabulary or built",Roc (mythology),152188,,known,keep,,,152188,,known
the-old-man-of-the-sea,The Old Man of the Sea,arabian-nights,legend,4,Rider who enslaves Sinbad (One Thousand and One Nights),pitborn,reskin,yes,known,Strategy gap scan 2026-10-07 (Dom yes),"added in the demons/orders/ghosts/witches/fae/ancient gap scan (Dom yes, 2026-10-07); body family set by Characters 2026-10-07",Old Man of the Sea,147739,,known,keep,,,147739,,known
sinbad-the-sailor,Sinbad the Sailor,arabian-nights,legend,5,Seven voyages (One Thousand and One Nights),veteran,reskin,yes,known,Strategy gap scan 2026-10-07 (Dom yes),"added in the demons/orders/ghosts/witches/fae/ancient gap scan (Dom yes, 2026-10-07); body family set by Characters 2026-10-07",Sinbad the Sailor,269151,,known,keep,,,269151,,known
the-forty-thieves,The Forty Thieves,arabian-nights,legend,3,"Bandit band (One Thousand and One Nights, Galland 1710s)",veteran,reskin,yes,known,Strategy gap scan 2026-10-07 (Dom yes),"added in the demons/orders/ghosts/witches/fae/ancient gap scan (Dom yes, 2026-10-07); body family set by Characters 2026-10-07",Ali Baba and the Forty Thieves,245027,,known,keep,,,245027,,known
the-onryo,The Onryo,ghosts,legend,6,Vengeful Japanese ghost (yurei folklore),wraith,reskin,yes,known,Strategy gap scan 2026-10-07 (Dom yes),"added in the demons/orders/ghosts/witches/fae/ancient gap scan (Dom yes, 2026-10-07); body family set by Characters 2026-10-07",Onryō,278363,,known,keep,,,278363,,known
bloody-mary,Bloody Mary,ghosts,legend,4,Mirror ghost of British/American folklore,wraith,reskin,yes,known,Strategy gap scan 2026-10-07 (Dom yes),"added in the demons/orders/ghosts/witches/fae/ancient gap scan (Dom yes, 2026-10-07); body family set by Characters 2026-10-07",Bloody Mary (folklore),218982,,known,keep,,,218982,,known
the-revenant,The Revenant,ghosts,legend,5,Corpse returned from the grave (medieval chronicles),skeleton,reskin,yes,known,Strategy gap scan 2026-10-07 (Dom yes),"added in the demons/orders/ghosts/witches/fae/ancient gap scan (Dom yes, 2026-10-07); body family set by Characters 2026-10-07",Revenant,208887,,known,keep,,,208887,,known
the-poltergeist,The Poltergeist,ghosts,legend,3,Noisy ghost of European folklore,wraith,reskin,yes,known,Strategy gap scan 2026-10-07 (Dom yes),"added in the demons/orders/ghosts/witches/fae/ancient gap scan (Dom yes, 2026-10-07); body family set by Characters 2026-10-07",Poltergeist,165043,,known,keep,,,165043,,known
the-yurei,The Yurei,ghosts,legend,4,Japanese ghost in white burial kimono,wraith,reskin,yes,known,Strategy gap scan 2026-10-07 (Dom yes),"added in the demons/orders/ghosts/witches/fae/ancient gap scan (Dom yes, 2026-10-07); body family set by Characters 2026-10-07",Yūrei,143486,,known,keep,,,143486,,known
banquo-s-ghost,Banquo's Ghost,ghosts,legend,3,"Murdered general's ghost (Shakespeare, Macbeth)",wraith,reskin,yes,obscure,Strategy gap scan 2026-10-07 (Dom yes),"added in the demons/orders/ghosts/witches/fae/ancient gap scan (Dom yes, 2026-10-07); body family set by Characters 2026-10-07",Banquo,57264,,obscure,keep,,,57264,,obscure
the-white-lady,The White Lady,ghosts,legend,3,Pale lady ghost of European castles,wraith,reskin,yes,known,Strategy gap scan 2026-10-07 (Dom yes),"added in the demons/orders/ghosts/witches/fae/ancient gap scan (Dom yes, 2026-10-07); body family set by Characters 2026-10-07",White Lady (ghost),,,,park,pageviews unmeasured,,,,
the-bean-nighe,The Bean Nighe,ghosts,legend,3,"Scottish washer at the ford, omen of death",wraith,reskin,yes,obscure,Strategy gap scan 2026-10-07 (Dom yes),"added in the demons/orders/ghosts/witches/fae/ancient gap scan (Dom yes, 2026-10-07); body family set by Characters 2026-10-07",Bean nighe,3072,,obscure,park,<10k views/yr,,3072,,obscure
the-myling,The Myling,ghosts,legend,2,Scandinavian child ghost,wraith,reskin,yes,obscure,Strategy gap scan 2026-10-07 (Dom yes),"added in the demons/orders/ghosts/witches/fae/ancient gap scan (Dom yes, 2026-10-07); body family set by Characters 2026-10-07",Myling,24772,,obscure,keep,,,24772,,obscure
sawney-bean,Sawney Bean,horror,legend,4,Legendary Scottish cave cannibal (Newgate Calendar),pitborn,reskin,yes,known,Strategy gap scan 2026-10-07 (Dom yes),"added in the demons/orders/ghosts/witches/fae/ancient gap scan (Dom yes, 2026-10-07); body family set by Characters 2026-10-07",Sawney Bean,200624,,known,keep,,,200624,,known
stingy-jack,Stingy Jack,horror,legend,3,Irish trickster who cheated the Devil,goblin,reskin,yes,known,Strategy gap scan 2026-10-07 (Dom yes),"added in the demons/orders/ghosts/witches/fae/ancient gap scan (Dom yes, 2026-10-07); body family set by Characters 2026-10-07",Jack-o'-lantern,198918,,known,keep,,,198918,,known
the-strigoi,The Strigoi,horror,legend,5,Romanian undead,nightborn,reskin,yes,known,Strategy gap scan 2026-10-07 (Dom yes),"added in the demons/orders/ghosts/witches/fae/ancient gap scan (Dom yes, 2026-10-07); body family set by Characters 2026-10-07",Strigoi,114880,,known,keep,,,114880,,known
the-empusa,The Empusa,horror,legend,5,Shape-shifting demoness of Hecate (Aristophanes),witch,reskin,yes,obscure,Strategy gap scan 2026-10-07 (Dom yes),"added in the demons/orders/ghosts/witches/fae/ancient gap scan (Dom yes, 2026-10-07); body family set by Characters 2026-10-07",Empusa,62377,,obscure,keep,,,62377,,obscure
the-penanggalan,The Penanggalan,horror,legend,5,Malay flying-head vampire,witch,reskin,yes,obscure,Strategy gap scan 2026-10-07 (Dom yes),"added in the demons/orders/ghosts/witches/fae/ancient gap scan (Dom yes, 2026-10-07); body family set by Characters 2026-10-07",Penanggalan,44192,,obscure,keep,,,44192,,obscure
the-moorland-coven,The Moorland Coven,witches,legend,6,"Coven of the western moors; original design, no Oz or Wicked name, look or story (Dom 2026-10-07)",witch,exact,yes,obscure,Strategy gap scan 2026-10-07 (Dom yes),"added in the demons/orders/ghosts/witches/fae/ancient gap scan (Dom yes, 2026-10-07); body family set by Characters 2026-10-07; renamed from Wicked Witch of the West to avoid Oz/Wicked trademark and film-look risk (Dom); renamed from The West Witches (COO legends audit 2026-10-07)",,,,,keep,,,,,
the-weird-sisters,The Weird Sisters,witches,legend,6,The witches of Macbeth (Shakespeare),witch,exact,yes,known,Strategy gap scan 2026-10-07 (Dom yes),"added in the demons/orders/ghosts/witches/fae/ancient gap scan (Dom yes, 2026-10-07); body family set by Characters 2026-10-07",Three Witches,111838,,known,keep,,,111838,,known
la-befana,La Befana,witches,legend,2,Italian Epiphany witch on a broom,witch,reskin,yes,known,Strategy gap scan 2026-10-07 (Dom yes),"added in the demons/orders/ghosts/witches/fae/ancient gap scan (Dom yes, 2026-10-07); body family set by Characters 2026-10-07; risk-audit design note applies (docs/research/legends-risk-audit.md)",Befana,232583,,known,keep,,,232583,,known
oberon,Oberon,fae,legend,8,"King of the fairies (Shakespeare, Huon of Bordeaux)",nightborn,reskin,yes,known,Strategy gap scan 2026-10-07 (Dom yes),"added in the demons/orders/ghosts/witches/fae/ancient gap scan (Dom yes, 2026-10-07); body family set by Characters 2026-10-07",Oberon,142629,,known,keep,,,142629,,known
titania,Titania,fae,legend,7,Fairy queen (Shakespeare),nightborn,reskin,yes,obscure,Strategy gap scan 2026-10-07 (Dom yes),"added in the demons/orders/ghosts/witches/fae/ancient gap scan (Dom yes, 2026-10-07); body family set by Characters 2026-10-07",Titania (A Midsummer Night's Dream),90343,,obscure,keep,,,90343,,obscure
queen-mab,Queen Mab,fae,legend,6,"Fairy midwife of dreams (Shakespeare, Shelley)",nightborn,reskin,yes,obscure,Strategy gap scan 2026-10-07 (Dom yes),"added in the demons/orders/ghosts/witches/fae/ancient gap scan (Dom yes, 2026-10-07); body family set by Characters 2026-10-07",Queen Mab,83137,,obscure,keep,,,83137,,obscure
the-tuatha-de-danann,The Tuatha De Danann,fae,legend,8,Divine race of Irish myth (Lebor Gabala Erenn),nightborn,reskin,yes,known,Strategy gap scan 2026-10-07 (Dom yes),"added in the demons/orders/ghosts/witches/fae/ancient gap scan (Dom yes, 2026-10-07); body family set by Characters 2026-10-07",Tuatha Dé Danann,344036,,known,keep,,,344036,,known
the-changeling,The Changeling,fae,legend,2,Fairy child left in a cradle,goblin,reskin,yes,known,Strategy gap scan 2026-10-07 (Dom yes),"added in the demons/orders/ghosts/witches/fae/ancient gap scan (Dom yes, 2026-10-07); body family set by Characters 2026-10-07",Changeling,280486,,known,keep,,,280486,,known
the-pixie,The Pixie,fae,legend,1,Cornish/Devon sprite,goblin,reskin,yes,known,Strategy gap scan 2026-10-07 (Dom yes),"added in the demons/orders/ghosts/witches/fae/ancient gap scan (Dom yes, 2026-10-07); body family set by Characters 2026-10-07",Pixie,118974,,known,keep,,,118974,,known
the-boggart,The Boggart,fae,legend,2,Malevolent household spirit (Northern England),goblin,reskin,yes,obscure,Strategy gap scan 2026-10-07 (Dom yes),"added in the demons/orders/ghosts/witches/fae/ancient gap scan (Dom yes, 2026-10-07); body family set by Characters 2026-10-07",Boggart,91403,,obscure,keep,,,91403,,obscure
the-brownie,The Brownie,fae,legend,1,Scottish household spirit,goblin,reskin,yes,known,Strategy gap scan 2026-10-07 (Dom yes),"added in the demons/orders/ghosts/witches/fae/ancient gap scan (Dom yes, 2026-10-07); body family set by Characters 2026-10-07",Brownie (folklore),181324,,known,keep,,,181324,,known
the-dryad,The Dryad,fae,legend,3,Greek tree nymph,witch,reskin,yes,known,Strategy gap scan 2026-10-07 (Dom yes),"added in the demons/orders/ghosts/witches/fae/ancient gap scan (Dom yes, 2026-10-07); body family set by Characters 2026-10-07",Dryad,130710,,known,keep,,,130710,,known
the-nymph,The Nymph,fae,legend,2,Greek nature spirit,witch,reskin,yes,known,Strategy gap scan 2026-10-07 (Dom yes),"added in the demons/orders/ghosts/witches/fae/ancient gap scan (Dom yes, 2026-10-07); body family set by Characters 2026-10-07",Nymph,831057,,known,keep,,,831057,,known
the-domovoy,The Domovoy,fae,legend,2,Slavic house spirit,goblin,reskin,yes,obscure,Strategy gap scan 2026-10-07 (Dom yes),"added in the demons/orders/ghosts/witches/fae/ancient gap scan (Dom yes, 2026-10-07); body family set by Characters 2026-10-07",Domovoy,70442,,obscure,keep,,,70442,,obscure
the-huldra,The Huldra,fae,legend,4,Scandinavian forest siren with a cow's tail,witch,reskin,yes,obscure,Strategy gap scan 2026-10-07 (Dom yes),"added in the demons/orders/ghosts/witches/fae/ancient gap scan (Dom yes, 2026-10-07); body family set by Characters 2026-10-07",Huldra,10978,,obscure,keep,,,10978,,obscure
erebus,Erebus,greek,legend,9,"Primordial darkness (Hesiod, Theogony)",none,flag,yes,known,Strategy gap scan 2026-10-07 (Dom yes),"added in the demons/orders/ghosts/witches/fae/ancient gap scan (Dom yes, 2026-10-07); body family set by Characters 2026-10-07; NON-FIGHTER: primordial darkness, no form of its own (Characters 2026-10-07; no body forced, Lead/Dom decide)",Erebus,275438,,known,keep,,,275438,,known
tartarus,Tartarus,greek,patron,10,"Primordial abyss (Hesiod, Theogony)",none,flag,yes,known,Strategy gap scan 2026-10-07 (Dom yes),"added in the demons/orders/ghosts/witches/fae/ancient gap scan (Dom yes, 2026-10-07); body family set by Characters 2026-10-07; pageviews API failed, Hesiod primordial, fame assumed known; NON-FIGHTER: a place (the abyss), not a duelist (Characters 2026-10-07; no body forced, Lead/Dom decide)",Tartarus,,,,keep,,,,,
talos,Talos,greek,legend,8,Bronze giant guarding Crete (Argonautica),knight,reskin,yes,known,Strategy gap scan 2026-10-07 (Dom yes),"added in the demons/orders/ghosts/witches/fae/ancient gap scan (Dom yes, 2026-10-07); body family set by Characters 2026-10-07",Talos,154961,,known,keep,,,154961,,known
argus-panoptes,Argus Panoptes,greek,legend,6,"Hundred-eyed giant (Ovid, Metamorphoses)",nightborn,reskin,yes,known,Strategy gap scan 2026-10-07 (Dom yes),"added in the demons/orders/ghosts/witches/fae/ancient gap scan (Dom yes, 2026-10-07); body family set by Characters 2026-10-07",Argus Panoptes,133652,,known,keep,,,133652,,known
the-colossus-of-rhodes,The Colossus of Rhodes,greek,legend,9,"Bronze statue of Helios, animated",none,flag,yes,known,Strategy gap scan 2026-10-07 (Dom yes),"added in the demons/orders/ghosts/witches/fae/ancient gap scan (Dom yes, 2026-10-07); body family set by Characters 2026-10-07; NON-FIGHTER: a monument; Talos already covers the bronze giant (Characters 2026-10-07; no body forced, Lead/Dom decide)",Colossus of Rhodes,656529,,known,keep,,,656529,,known
the-headless-queen-of-the-tower,The Headless Queen of the Tower,ghosts,legend,6,"Ghost legend of Anne Boleyn walking the Tower of London, head beneath her arm (Victorian ghost lore)",wraith,reskin,yes,household,Tower of London ghost legends (19th c.),"Dom 2026-10-07: keep in, as the legend not the woman; never named Anne Boleyn in game, no mockery of her execution; body family set by Characters 2026-10-07; risk-audit design note applies (docs/research/legends-risk-audit.md)",Anne Boleyn,2361000,,household,keep,,,2361000,,household
